:020000040800F2
:1000000000000220B1BA0008E94E0008F14E0008D5
:10001000F94E0008014F0008094F000800000000D9
:10002000000000000000000000000000114F000868
:100030001F4F0008000000002D4F00083B4F000834
:1000400001BB000801BB000801BB000801BB0008A0
:1000500001BB000801BB000801BB000801BB000890
:1000600001BB0008474F000801BB000801BB0008A6
:1000700001BB000801BB000801BB000801BB000870
:1000800001BB000801BB000801BB000801BB000860
:1000900001BB000801BB000801BB000801BB000850
:1000A00001BB000801BB000801BB000801BB000840
:1000B00001BB000801BB000801BB000801BB000830
:1000C00001BB000801BB000801BB000801BB000820
:1000D00001BB000801BB000801BB000801BB000810
:1000E000554F000801BB000801BB000801BB000818
:1000F00001BB000801BB000801BB000801BB0008F0
:1001000001BB00086D4F0008814F000801BB0008CB
:1001100001BB000801BB0008954F000801BB0008A7
:10012000B14F000801BB000801BB000801BB00087B
:1001300001BB000801BB000801BB000801BB0008AF
:1001400001BB000801BB000801BB000801BB00089F
:1001500001BB000801BB000801BB000801BB00088F
:1001600001BB000801BB000801BB000801BB00087F
:1001700001BB000801BB000801BB000801BB00086F
:1001800001BB000801BB000801BB000801BB00085F
:1001900001BB00080000000001BB000801BB000813
:1001A00001BB000801BB000801BB000801BB00083F
:1001B00001BB000801BB000801BB000801BB00082F
:1001C00001BB000801BB000801BB000801BB00081F
:0801D00001BB000801BB00089F
:1001E00010B5054C237833B9044B13B10448AFF371
:1001F00000800123237010BD88060020000000004D
:1002000020F1000808B5034B1BB103490348AFF3C5
:10021000008008BD000000008C06002020F10008CE
:1002200001F0FF01102A2BDB10F0070F08D010F8A7
:10023000013B013A8B422DD010F0070F42B3F6D1AB
:10024000F0B441EA012141EA014122F007047FF0C4
:1002500000070023F0E80256083C85EA010586EA1B
:10026000010685FA47F5A3FA87F586FA47F6A5FA57
:1002700087F68EB9EED1F0BC01F0FF0102F0070263
:1002800032B110F8013B013A83EA010313B1F8D10E
:100290000020704701387047002D06BF35460338EF
:1002A000073815F0010F07D1013015F4807F02BF28
:1002B000013015F4C03F0130F0BC0138704700BF79
:1002C000034613F8012B002AFBD1181A0138704796
:1002D00081F0004102E000BF83F0004330B54FEAF7
:1002E00041044FEA430594EA050F08BF90EA020F64
:1002F0001FBF54EA000C55EA020C7FEA645C7FEAF7
:10030000655C00F0E2804FEA5454D4EB5555B8BF19
:100310006D420CDD2C4480EA020281EA030382EA8A
:10032000000083EA010180EA020281EA0303362D1C
:1003300088BF30BD11F0004F4FEA01314FF4801CEF
:100340004CEA113102D0404261EB410113F0004F01
:100350004FEA03334CEA133302D0524263EB4303B8
:1003600094EA050F00F0A780A4F10104D5F1200E56
:100370000DDB02FA0EFC22FA05F2801841F10001B1
:1003800003FA0EF2801843FA05F359410EE0A5F185
:1003900020050EF1200E012A03FA0EFC28BF4CF0B6
:1003A000020C43FA05F3C01851EBE37101F000456C
:1003B00007D54FF0000EDCF1000C7EEB00006EEB79
:1003C0000101B1F5801F1BD3B1F5001F0CD3490803
:1003D0005FEA30004FEA3C0C04F101044FEA44525A
:1003E00012F5800F80F09A80BCF1004F08BF5FEAE1
:1003F000500C50F1000041EB045141EA050130BDC1
:100400005FEA4C0C404141EB0101013C28BFB1F5D2
:10041000801FE9D291F0000F04BF01460020B1FA1D
:1004200081F308BF2033A3F10B03B3F120020CDAF0
:100430000C3208DD02F1140CC2F10C0201FA0CF0CE
:1004400021FA02F10CE002F11402D8BFC2F1200C33
:1004500001FA02F120FA0CFCDCBF41EA0C019040E9
:10046000E41AA2BF01EB0451294330BD6FEA040432
:100470001F3C1CDA0C340EDC04F11404C4F120021D
:1004800020FA04F001FA02F340EA030021FA04F32F
:1004900045EA030130BDC4F10C04C4F1200220FA86
:1004A00002F001FA04F340EA0300294630BD21FAC4
:1004B00004F0294630BD94F0000F83F4801306BF8A
:1004C00081F480110134013D4EE77FEA645C18BF7E
:1004D0007FEA655C29D094EA050F08BF90EA020F15
:1004E00005D054EA000C04BF1946104630BD91EA0D
:1004F000030F1EBF0021002030BD5FEA545C05D110
:100500004000494128BF41F0004130BD14F580044E
:100510003CBF01F5801130BD01F0004545F0FE41C2
:1005200041F470014FF0000030BD7FEA645C1ABFF7
:10053000194610467FEA655C1CBF0B46024650EA2E
:10054000013406BF52EA033591EA030F41F400215A
:1005500030BD00BF90F0000F04BF0021704730B5E0
:100560004FF4806404F132044FF000054FF00001B5
:1005700050E700BF90F0000F04BF0021704730B576
:100580004FF4806404F1320410F0004548BF40424B
:100590004FF000013EE700BF42004FEAE2014FEAA0
:1005A00031014FEA02701FBF12F07F4393F07F4F7B
:1005B00081F06051704732F07F4208BF704793F07E
:1005C0007F4F04BF41F40021704730B54FF4607491
:1005D00001F0004521F000411CE700BF50EA010294
:1005E00008BF704730B54FF000050AE050EA01023D
:1005F00008BF704730B511F0004502D5404261EBAD
:1006000041014FF4806404F132045FEA915C3FF4ED
:10061000D8AE4FF003025FEADC0C18BF03325FEA8A
:10062000DC0C18BF033202EBDC02C2F1200300FA3B
:1006300003FC20FA02F001FA03FE40EA0E0021FA60
:1006400002F11444BDE600BF70B54FF0FF0C4CF44E
:10065000E06C1CEA11541DBF1CEA135594EA0C0F00
:1006600095EA0C0F00F0DEF82C4481EA030621EA3B
:100670004C5123EA4C5350EA013518BF52EA033576
:1006800041F4801143F4801338D0A0FB02CE4FF028
:100690000005E1FB02E506F00042E0FB03E54FF058
:1006A0000006E1FB03569CF0000F18BF4EF0010E50
:1006B000A4F1FF04B6F5007F64F5407404D25FEA4C
:1006C0004E0E6D4146EB060642EAC62141EA5551FF
:1006D0004FEAC52040EA5E504FEACE2EB4F1FD0C41
:1006E00088BFBCF5E06F1ED8BEF1004F08BF5FEABF
:1006F000500E50F1000041EB045170BD06F0004671
:1007000046EA010140EA020081EA0301B4EB5C041D
:10071000C2BFD4EB0C0541EA045170BD41F4801115
:100720004FF0000E013C00F3AB8014F1360FDEBF3A
:10073000002001F0004170BDC4F10004203C35DA16
:100740000C341BDC04F11404C4F1200500FA05F399
:1007500020FA04F001FA05F240EA020001F000423A
:1007600021F0004110EBD37021FA04F642EB0601B0
:100770005EEA430E08BF20EAD37070BDC4F10C04DA
:10078000C4F1200500FA04F320FA05F001FA04F29E
:1007900040EA020001F0004110EBD37041F100018A
:1007A0005EEA430E08BF20EAD37070BDC4F1200595
:1007B00000FA05F24EEA020E20FA04F301FA05F2FD
:1007C00043EA020321FA04F001F0004121FA04F2A5
:1007D00020EA020000EBD3705EEA430E08BF20EA75
:1007E000D37070BD94F0000F0FD101F000464000AF
:1007F00041EB010111F4801F08BF013CF7D041EA31
:10080000060195F0000F18BF704703F00046520034
:1008100043EB030313F4801F08BF013DF7D043EA05
:100820000603704794EA0C0F0CEA135518BF95EABB
:100830000C0F0CD050EA410618BF52EA4306D1D142
:1008400081EA030101F000414FF0000070BD50EA61
:10085000410606BF1046194652EA430619D094EAEB
:100860000C0F02D150EA013613D195EA0C0F05D1D5
:1008700052EA03361CBF104619460AD181EA030129
:1008800001F0004141F0FE4141F470014FF00000E1
:1008900070BD41F0FE4141F4780170BD70B54FF07C
:1008A000FF0C4CF4E06C1CEA11541DBF1CEA1355FC
:1008B00094EA0C0F95EA0C0F00F0A7F8A4EB0504DE
:1008C00081EA030E52EA03354FEA013100F08880D5
:1008D0004FEA03334FF0805545EA131343EA12639E
:1008E0004FEA022245EA111545EA10654FEA002653
:1008F0000EF000419D4208BF964244F1FD0404F50C
:10090000407402D25B084FEA3202B61A65EB030567
:100910005B084FEA32024FF480104FF4002CB6EB24
:10092000020E75EB030E22BFB61A754640EA0C00A4
:100930005B084FEA3202B6EB020E75EB030E22BFE4
:10094000B61A754640EA5C005B084FEA3202B6EB25
:10095000020E75EB030E22BFB61A754640EA9C00E4
:100960005B084FEA3202B6EB020E75EB030E22BFB4
:10097000B61A754640EADC0055EA060E18D04FEA72
:10098000051545EA16754FEA06164FEAC30343EA12
:1009900052734FEAC2025FEA1C1CC0D111F4801FDF
:1009A0000BD141EA00014FF000004FF0004CB6E7D8
:1009B00011F4801F04BF01430020B4F1FD0C88BF77
:1009C000BCF5E06F3FF6AFAEB5EB030C04BFB6EB82
:1009D000020C5FEA500C50F1000041EB045170BD75
:1009E0000EF0004E4EEA113114EB5C04C2BFD4EBA2
:1009F0000C0541EA045170BD41F480114FF0000E26
:100A0000013C90E645EA060E8DE60CEA135594EAA1
:100A10000C0F08BF95EA0C0F3FF43BAF94EA0C0FA4
:100A20000AD150EA01347FF434AF95EA0C0F7FF419
:100A300025AF104619462CE795EA0C0F06D152EA6D
:100A400003353FF4FDAE1046194622E750EA410651
:100A500018BF52EA43067FF4C5AE50EA41047FF462
:100A60000DAF52EA43057FF4EBAE12E74FF0FF3CC7
:100A700006E000BF4FF0010C02E000BF4FF0010C98
:100A80004DF804CD4FEA410C7FEA6C5C4FEA430C11
:100A900018BF7FEA6C5C1BD001B050EA410C0CBF60
:100AA00052EA430C91EA030F02BF90EA020F0020C2
:100AB000704710F1000F91EA030F58BF994208BF29
:100AC00090422CBFD8176FEAE37040F001007047E6
:100AD0004FEA410C7FEA6C5C02D150EA013C07D13D
:100AE0004FEA430C7FEA6C5CD6D152EA033CD3D088
:100AF0005DF8040B704700BF8446104662468C4682
:100B00001946634600E000BF01B5FFF7B7FF0028B4
:100B100048BF10F1000F01BD4DF808EDFFF7F4FFDD
:100B20000CBF012000205DF808FB00BF4DF808ED68
:100B3000FFF7EAFF34BF012000205DF808FB00BF8B
:100B40004DF808EDFFF7E0FF94BF012000205DF8AD
:100B500008FB00BF4DF808EDFFF7CEFF94BF012062
:100B600000205DF808FB00BF4DF808EDFFF7C4FF5B
:100B700034BF012000205DF808FB00BF4FEA410CA4
:100B80007FEA6C5C02D150EA013C0AD14FEA430C87
:100B90007FEA6C5C02D152EA033C02D14FF00000C4
:100BA00070474FF0010070474FEA410212F5001202
:100BB00015D211D56FF47873B3EB625212D94FEAA4
:100BC000C12343F0004343EA505311F0004F23FA8E
:100BD00002F018BF404270474FF00000704750EAE3
:100BE000013005D111F0004008BF6FF000407047A0
:100BF0004FF00000704700BF80B483B000AF87EDB6
:100C0000010AD7ED017AF5EEC07AF1EE10FA02DDB5
:100C1000D7ED017A03E0D7ED017AF1EE677AB0EE15
:100C2000670A0C37BD465DF8047B704780B584B019
:100C300000AF786087ED000A7B68D3ED107AF5EE9F
:100C4000407AF1EE10FA02D0786800F03FF97B6844
:100C50003A685A627B685A697B689A617B681A694C
:100C60007B685A617B6893ED0A7A7B68D3ED097AD9
:100C700077EE677A7B68C3ED047A7B681B78002B7C
:100C80005DD17B6893ED047A7B68D3ED057A77EECE
:100C9000677AC7ED037A7B6893ED077A7B68D3EDBB
:100CA000026A7B68D3ED047A66EEA77A77EE277A3C
:100CB0007B68C3ED077A7B6893ED077A7B68D3ED99
:100CC000087AB4EEE77AF1EE10FA04DD7B681A6A6E
:100CD0007B68DA6114E07B6893ED077A7B68D3ED7B
:100CE000087AF1EE677AB4EEE77AF1EE10FA07D5FA
:100CF0007B68D3ED087AF1EE677A7B68C3ED077AFB
:100D00007B6893ED017A7B68D3ED047A27EE277A2E
:100D10007B68D3ED077A37EE277A7B68D3ED036AD9
:100D2000D7ED037A66EEA77A37EE277A7B68D3EDA4
:100D30000F7A77EE277A7B68C3ED0C7A3DE07B680B
:100D40001B78012B39D17B6893ED0C7A7B68D3ED4E
:100D5000016A7B6893ED046A7B68D3ED057A76EED1
:100D6000677A66EEA76A7B6893ED036A7B68D3EDCA
:100D7000045A7B68D3ED057A77EEA77A75EEE75AC9
:100D80007B68D3ED067A75EEA77A66EE277A76EE63
:100D9000A76A7B6893ED026A7B68D3ED047A66EEFE
:100DA000277A76EEA76A7B68D3ED0F7A76EEA77A7C
:100DB00077EE277A7B68C3ED0C7A7B689A6A7B684A
:100DC000DA627B6893ED0C7A7B68D3ED0D7AB4EE32
:100DD000E77AF1EE10FA04DD7B685A6B7B681A63E0
:100DE0000FE07B6893ED0C7A7B68D3ED0E7AB4EE5E
:100DF000E77AF1EE10FA00D403E07B689A6B7B6827
:100E00001A6300BF1037BD4680BD80B48DB000AFFF
:100E1000F8610B4687ED050AC7ED040A87ED031A52
:100E2000C7ED021A87ED012AC7ED002AFB76FB69A0
:100E3000FA7E1A70FB697A695A60FB693A699A60AE
:100E4000FB69FA68DA60FB69BA681A62FB697A685A
:100E50005A63FB693A689A63FB694FF00002DA61F2
:100E6000FB694FF000021A63FB694FF000025A62FF
:100E7000FB694FF000029A62FB694FF00002DA62F0
:100E8000FB694FF00002DA63FB694FF000021A645D
:100E9000FB691033BB62BB6AFB62BB6A0C337B62CB
:100EA00008E0FB6A3B623B6A4FF000021A60FB6A93
:100EB0000433FB62FA6A7B6A9A42F2D100BF00BF38
:100EC0003437BD465DF8047B7047000080B584B0C0
:100ED00000AF78604FF00003FB607B6893ED0B7A06
:100EE0007B68D3ED0A7A77EE677AB0EE670AFFF790
:100EF00083FEB0EE407A7B68D3ED107AB4EEE77AE9
:100F0000F1EE10FA94BF01230023DBB2002B2FD1A6
:100F10007B6893ED0B7A7B68D3ED0A7A77EE677A7C
:100F2000F5EEC07AF1EE10FA02DD134BFB600FE034
:100F30007B6893ED0B7A7B68D3ED0A7A77EE677A5C
:100F4000F5EEC07AF1EE10FA02D54FF07E53FB6059
:100F50007B6893ED0B7A7B68D3ED106AD7ED037A4B
:100F600066EEA77A77EE277A7B68C3ED0A7A00E00F
:100F700000BF1037BD4680BD000080BF80B487B081
:100F800000AF78607B684FF00002DA617B684FF059
:100F900000021A637B6810333B613B697B613B69EC
:100FA0000C33FB6008E07B69BB60BB684FF000025C
:100FB0001A607B6904337B617A69FB689A42F2D1DB
:100FC00000BF00BF1C37BD465DF8047B704780B58D
:100FD00084B000AF78603960786800F093FA3B68BD
:100FE0001A687B681A603B685A687B685A603B687D
:100FF0001A897B681A813B689A7A7B689A723B6887
:101000009A897B689A813B681A697B681A613B6898
:101010001B7D082B02D83B681A7D00E008227B6804
:101020001A753B689A697B689A613B68DA697B68E4
:10103000DA613B6893F820207B6883F820203B68C6
:1010400093F821207B6883F821203B685A6A7B68EB
:101050005A620023FB7318E0FB7B7A680A339B001B
:1010600013444FF000021A60FB7B7A6812339B0036
:1010700013444FF000021A60FA7B7B68343200217F
:1010800023F81210FB7B0133FB73FB7B072BE3D9A7
:1010900000BF00BF1037BD4680BD80B582B000AF35
:1010A00078607B681B68002B01D100230BE07B6814
:1010B0001B687F21184605F0F7FB0346002B0CBF89
:1010C00001230023DBB218460837BD4680BD80B53A
:1010D00082B000AF7860786800F069F9034683F069
:1010E0000103DBB2002B01D000234CE07B6893F8B6
:1010F0002030002B0AD07868FFF7CFFF034683F03B
:101100000103DBB2002B01D0012300E00023002B00
:1011100001D0002337E0786800F0A0F9034683F09F
:101120000103DBB2002B01D000232CE07B681868A0
:101130007B6859687B681B891A4604F093FB034659
:10114000002B14BF01230023DBB2002B04D07868EE
:1011500000F0D8F9002316E07B6893F82130002BCB
:1011600010D07B681B685B6D002B0BD07B681B6805
:101170005B6D1B681A687B681B685B6D1B6822F0DF
:1011800004021A60012318460837BD4680BD80B5A9
:1011900082B000AF78607B681B68002B04D07B684E
:1011A0001B68184604F032FC786800F0ABF900BF09
:1011B0000837BD4680BD80B588B000AF78607868DC
:1011C00000F022F9034683F00103DBB2002B01D0CB
:1011D00000239CE00023FB770023BB7790E07B6833
:1011E0001A69BB7F1B0113443B613B691B78072BCA
:1011F00000F282803B695A787B689B7A9A427BD264
:101200000023BB610023FB820EE03B695A78FB8A16
:101210001946786800F095F803461A46BB691344EE
:10122000BB61FB8A0133FB827B689B89FA8A9A4205
:10123000EBD3BB6907EE903AF8EE676A7B689B894F
:1012400007EE903AB8EE677AC6EE877AC7ED037A72
:101250003B691B781A46D7ED037AFCEEE77A17EE66
:10126000903A99B27B68343223F812103B691B7BA9
:10127000012B14D13B6993ED017AD7ED037A27EE68
:10128000277A3B69D3ED027A3B691B7877EE277AA0
:101290007A680A339B001344C3ED007A29E07B6827
:1012A00093ED067AD7ED037A67EE276A7B6893EDB4
:1012B000077AC6EE877AC7ED027A3B691B787A68AF
:1012C00012339B001344BA681A603B6993ED017AAC
:1012D000D7ED027A27EE277A3B69D3ED027A3B6994
:1012E0001B7877EE277A7A680A339B001344C3EDA4
:1012F000007A0123FB7700E000BFBB7F0133BB779F
:101300007B681B7DBA7F9A42FFF469AFFB7F18466A
:101310002037BD4680BD80B483B000AF78600B46F7
:10132000FB70FB78072B05D8FA787B68343233F8EA
:10133000123000E0002318460C37BD465DF8047BF0
:10134000704780B485B000AF78600B467B80134651
:101350007B707B685B68002B09D07B689B7A7A780E
:101360009A4204D27B689B897A889A4201D30023EF
:1013700017E07B689B7A1A467B8813FB02F39AB2CC
:101380007B789BB21344FB817B681B89FA899A4264
:1013900006D27B685A68FB895B0013441B8800E017
:1013A000002318461437BD465DF8047B704780B4AF
:1013B00083B000AF78607B681B68002B1DD07B6812
:1013C0005B68002B19D07B681B89002B15D07B68CC
:1013D0009B7A002B11D07B689B89002B0DD07B68FA
:1013E0001A897B689B7A19467B689B8911FB03F3FA
:1013F0009BB29A4201D3012300E0002318460C3728
:10140000BD465DF8047B704780B582B000AF786060
:101410007868FFF7CCFF034683F00103DBB2002BB3
:101420000FD17B681B69002B0BD07B681B7D002BC9
:1014300007D07B68D3ED077AF5EEC07AF1EE10FAAB
:1014400001D8012300E00023002B01D0002300E09D
:10145000012318460837BD4680BD000080B48BB01C
:1014600000AF78607B681B68002B01D100233EE051
:10147000224BFB61214B7B62214BBB6119E07B6AF4
:10148000BB60BB681B687A689A420AD0BB681B685D
:10149000002B0BD0BB681B681A687B681B689A42DC
:1014A00004D1BB687A681A60012320E07B6A0433A8
:1014B0007B627A6ABB699A42E1D1104B7B610F4B28
:1014C0003B620F4B3B610DE03B6AFB60FB681B68B6
:1014D000002B04D1FB687A681A60012307E03B6A9D
:1014E00004333B623A6A3B699A42EDD100231846C5
:1014F0002C37BD465DF8047B704700BFA406002072
:10150000C406002080B487B000AF78600F4B3B6109
:101510000E4B7B610E4BFB600CE07B69BB60BB68D4
:101520001B687A689A4202D1BB6800221A607B6904
:1015300004337B617A69FB689A42EED100BF00BF39
:101540001C37BD465DF8047B704700BFA406002031
:10155000C406002080B487B000AF0346FB710F4B78
:101560003B610E4B7B610E4BFB600BE07B69BB600C
:10157000BB681B78FA799A4201D1BB6807E07B69A6
:1015800014337B617A69FB689A42EFD100231846D5
:101590001C37BD465DF8047B704700BF000000208B
:1015A0003C00002080B483B000AF786039607B6875
:1015B0001B8A002B01D100230BE07B681B8A1A4693
:1015C0003B68934203D37B681B8A013B00E03B6886
:1015D00000BF18460C37BD465DF8047B704700001D
:1015E00080B483B000AF87ED010AD7ED017A9FED9B
:1015F0000F7AF4EEC77AF1EE10FA01D50C4B0BE03E
:10160000D7ED017A9FED0B7AF4EEC77AF1EE10FA7E
:1016100001DD094B00E07B6807EE903AB0EE670A07
:101620000C37BD465DF8047B704700BFCDCCCC3D88
:10163000CDCCCC3D6666663F6666663F80B483B0BF
:1016400000AF0346FB71FB79002B08D00B4B1B68E6
:10165000DA680A4B1B6842F01002DA6007E0074BB9
:101660001B68DA68054B1B6822F01002DA6000BFC5
:101670000C37BD465DF8047B704700BFD84D002095
:1016800080B586B000AF78607B681B6823F4C80320
:10169000002B01D0002340E07B681B68214A1360C7
:1016A0007B689B88002B2AD07B689A881E4B1B681E
:1016B0005A617B689B885B089AB21B4B1B685A6215
:1016C0001A4B3B61194B7B61194BFB6013E07B6943
:1016D000BB607B681A68BB685B681340002B07D04F
:1016E000BB681A787B689B881946104600F0B0F8F2
:1016F0007B6914337B617A69FB689A42E7D17B6826
:101700001B7B1846FFF79AFF7B68D3ED027AB0EE99
:10171000670A00F0A1F9034600BF18461837BD4616
:1017200080BD00BFC4060020D84D0020000000206E
:101730003C00002080B586B000AF78607B6803F481
:101740008033002B04D04FF48031124808F05DFB49
:10175000114B3B61104B7B61104BFB6010E07B69D0
:10176000BB60BB685A687B681340002B05D0BB6820
:101770005B681946074808F048FB7B6914337B61B6
:101780007A69FB689A42EAD100BF00BF1837BD46AC
:1017900080BD00BFD84D0020000000203C0000208C
:1017A00080B586B000AF7860144B3B61134B7B6112
:1017B000134BFB6010E07B69BB60BB685A687B68B9
:1017C0001340002B05D0BB685B6819460D4808F034
:1017D00047FB7B6914337B617A69FB689A42EAD1E3
:1017E0007B6803F48033002B04D04FF4803105482C
:1017F00008F036FB00BF1837BD4680BD0000002052
:101800003C000020D84D002080B582B000AF786049
:101810007B68002B03D07968034808F09CFA00BF6E
:101820000837BD4680BD00BFD84D002080B582B0CE
:1018300000AF78607B68002B03D07968034808F01C
:10184000B7FA00BF0837BD4680BD00BFD84D0020A5
:1018500080B584B000AF03460A46FB711346BB80D7
:10186000FB791846FFF776FEF860FB68002B02D084
:10187000BB88002B01D100230CE0FB68BA881A82D8
:10188000064B1968FB689B68BA88DB010B449433EC
:101890001A60012318461037BD4680BDD84D002080
:1018A00080B588B000AF034687ED000AFB71FB7975
:1018B0001846FFF74FFEF861FB69002B01D10023AA
:1018C00037E09FED1E1ADFED1E0A97ED000A00F0CB
:1018D00021F987ED060AFB691B8A7B617B6907EEAC
:1018E000903AB8EE677AD7ED067A67EE277AFCEE83
:1018F000E77A17EE903A3B617A693B699A4204D9DC
:101900007A693B69D31A5B0800E00023FB60FA6840
:101910003B691344BB60FB79FA680121184600F06B
:1019200011F8FB79BA680421184600F00BF8034659
:1019300000BF18462037BD4680BD00BF3333733F1C
:1019400000000000B0B586B000AF0346B9607A6011
:10195000FB73FB7B1846FFF7FDFD78617B69002B6D
:1019600001D1002371E07B699B68062B2CD1BB68F9
:10197000012B08D1374B1C6879687869FFF712FE94
:101980000346E36160E0BB68022B08D1314B1C6861
:1019900079687869FFF706FE0346636254E0BB6826
:1019A000042B08D12B4B1C6879687869FFF7FAFD86
:1019B0000346A36248E0274B1C6879687869FFF703
:1019C000F1FD0346E3623FE0BB68012B0DD1214BE3
:1019D0001C687B699D6879687869FFF7E3FD0246BA
:1019E000EB0123449C331A602EE0BB68022B0DD11F
:1019F000184B1C687B699D6879687869FFF7D2FD90
:101A00000246EB012344A4331A601DE0BB68042B9B
:101A10000DD1104B1C687B699D6879687869FFF768
:101A2000C1FD0246EB012344A8331A600CE0094BC8
:101A30001C687B699D6879687869FFF7B3FD024689
:101A4000EB012344AC331A60012318461837BD4616
:101A5000B0BD00BFD84D002080B58AB000AF87ED83
:101A6000010A97ED010AFFF7BBFDF0EE407A274B24
:101A7000C3ED007A264B1B685B697B627B6A002B97
:101A800002D145F68A037B62204BD3ED007AB6EE95
:101A9000007A67EE877AC7ED067A7B6A9B087B61DE
:101AA0007B6A07EE903AB8EE677AD7ED067A67EE72
:101AB000277AB6EE007A67EE877AFDEEE77A17EEC0
:101AC000903A3B617A693B69D31A3B627A693B6918
:101AD0001344FB617B6A013BFB603B6A002B01DC2A
:101AE00001233B62FA69FB689A4201DDFB68FB61F6
:101AF000074B1B683A6ADA61054B1B68FA699A6200
:101B0000012318462837BD4680BD00BFC806002007
:101B1000D84D002080B485B000AF87ED030AC7ED33
:101B2000020A87ED011A97ED037AD7ED027AB4EE37
:101B3000E77AF1EE10FA01D5BB680BE097ED037A76
:101B4000D7ED017AB4EEE77AF1EE10FA01DD7B68A9
:101B500000E0FB6807EE903AB0EE670A1437BD4626
:101B60005DF8047B7047000080B584B000AFF8607A
:101B7000B9601346FB71FB68BA681A60FB68FA79B2
:101B80001A71F86800F058F9FB68184A9A63FB6804
:101B9000164ADA63FB6840F60B12A3F84020FB6894
:101BA00040F2B362A3F84220FB6803F1580001231E
:101BB0000122022100F05CFBFB6803F144000123D9
:101BC0000122022100F054FB0021F86800F036FBEE
:101BD000074809F06DF8064809F0C2F8044B1B6885
:101BE00000225A6200BF1037BD4680BD00E0FB44B2
:101BF000F04F002080B586B000AF78607B681B682E
:101C0000002B00F004810023FB75DDE07B681A687F
:101C1000FB7D5B0013441B88FB81FB8907EE903A38
:101C2000B8EEE77A7B68D3ED0E7AB4EEE77AF1EEA0
:101C300010FA15DD7B68D3ED0E7A9FED777A27EEEB
:101C4000877AFB8907EE903AF8EE677ADFED736AE0
:101C500067EEA67A77EE277A7B68C3ED0E7A0DE001
:101C60007B68D3ED0E7A9FED6E7A67EE877A9FEDF3
:101C70006D7A77EE877A7B68C3ED0E7AFB8907EE83
:101C8000903AB8EEE77A7B68D3ED0F7AB4EEE77A54
:101C9000F1EE10FA15D57B68D3ED0F7A9FED5E7AE1
:101CA00027EE877AFB8907EE903AF8EE677ADFED48
:101CB0005B6A67EEA67A77EE277A7B68C3ED0F7AC8
:101CC0000DE07B68D3ED0F7A9FED577A67EE877A48
:101CD0009FED567A77EE877A7B68C3ED0F7A7B6843
:101CE000D3ED0E7A9FED527A67EE877A9FED517AA7
:101CF00077EE877AFCEEE77A17EE903A9AB27B6835
:101D0000A3F840207B68D3ED0F7A9FED497A67EE08
:101D1000877A9FED487A77EE877AFCEEE77A17EEBE
:101D2000903A9AB27B68A3F842207B6803F14400A2
:101D30007B68B3F84030FA899A428CBF01230023B4
:101D4000DBB2194600F0B5FA0346002B13D07B68CE
:101D50005833184600F0EEFA7B685B79002B0AD105
:101D60007B6801225A710121786800F067FA01212D
:101D7000786800F0C1F87B6803F158007B68B3F81D
:101D80004230FA899A4234BF01230023DBB219465C
:101D900000F08FFA0346002B13D07B6844331846BB
:101DA00000F0C8FA7B685B79012B0AD17B680022BE
:101DB0005A710021786800F041FA0021786800F03B
:101DC0009BF8FB7D0133FB757B681B79FA7D9A429A
:101DD000FFF41CAF40F2DC533B617B68DB6E40F2EA
:101DE000DB52934214D87B68DB6E5A1C7B68DA6640
:101DF0007B68DB6E40F2DC52934209D17B680022A3
:101E000083F870207B68002283F8712000E000BF17
:101E10001837BD4680BD00BFCDCC4C3ECDCC4C3F2D
:101E200052B87E3F33333141A4707D3F333391410B
:101E30003333333F0020174480B48BB000AF786059
:101E40007B6800225A717B6800229A717B680022AD
:101E5000DA667B68002283F870207B68002283F8B2
:101E600071207B680733FB61FB697B62FB6914337C
:101E7000BB6107E07B6ABB60BB6800221A707B6AAB
:101E800001337B627A6ABB699A42F3D17B681B3368
:101E90007B617B693B627B690A333B6107E03B6A9C
:101EA000FB60FB6800221A703B6A01333B623A6AAE
:101EB0003B699A42F3D100BF00BF2C37BD465DF8A5
:101EC000047B704780B483B000AF78607B6893F880
:101ED000713018460C37BD465DF8047B704780B4FE
:101EE00083B000AF78607B68283318460C37BD4656
:101EF0005DF8047B7047000080B584B000AF786067
:101F00000B46FB70144B1B685B6AFB60124B1B6833
:101F100000225A62FB68C72B04D9FB6840F21452B6
:101F2000934207D97B6800229A710C4B4FF48022B0
:101F30009A610EE0FB781946786800F011F8FB68AA
:101F400040F2ED22934204D9FB781946786800F0FC
:101F500007F81037BD4680BDF04F0020000800484C
:101F600080B582B000AF78600B46FB707B689B79D0
:101F7000132B16D87B689B791A46174B9B5CFA7813
:101F80009A4206D17B689B790133DAB27B689A71F9
:101F900014E0124B4FF480229A617B6800229A7100
:101FA0000CE07B689B79143B7A681344FA78DA7109
:101FB0007B689B790133DAB27B689A717B689B7985
:101FC000282B05D17B6800229A71786800F04EF8C2
:101FD00000BF0837BD4680BD8CF1000800080048EE
:101FE00080B485B000AF0346FB710B46BB7113464E
:101FF0007B71FB799AB2BB799BB25B009BB21343B6
:10200000FB81FB891B0A9AB2FB895340FB81FB8948
:102010001B099AB2FB895340FB81FB899B089AB24A
:10202000FB895340FB81FB895B089AB2FB895340D3
:10203000FB81FB8903F001027B799A420CBF0123EB
:102040000023DBB218461437BD465DF8047B7047A9
:1020500080B483B000AF786039607B683A685A63B7
:1020600000BF0C37BD465DF8047B704780B588B073
:1020700000AF78607B680022DA667B68012283F813
:1020800070200023FB7715E0FB7F5B0001337A684B
:102090001344DA79FB7F01335B0079680B44DB7909
:1020A0009A4204D17B68002283F87120B9E0FB7F5B
:1020B0000133FB77FB7F082BE6D90023BB7718E0C1
:1020C000BB7F5B007A681344DA79BB7F5B00013326
:1020D00079680B44DB799A4214BF01230023DAB2FA
:1020E000BB7F11467A6813440A46DA76BB7F013318
:1020F000BB77BB7F092BE3D97B68DB7EFB750023B5
:102100007B7700233B770FE03B7F01337A681344F2
:10211000DB7E1A463B7F02FA03F3DAB27B7F13437E
:102120007B773B7F01333B773B7F072BECD97B6889
:1021300093F82420797FFB7D1846FFF751FF034673
:1021400083F00103DBB2002B04D07B68002283F80C
:10215000712066E07B7F07EE903AB8EE677ADFED9C
:10216000326AC7EE267A9FED317A67EE877AC7ED3D
:10217000047A4FF00003BB617B685B6B002B2CD0B3
:102180007B685B6B984787ED030AD7ED037A9FED79
:10219000287AF4EEC77AF1EE10FA1EDDD7ED046A64
:1021A00097ED037AC6EE877AC7ED067AD7ED067A01
:1021B0009FED207AF4EEC77AF1EE10FA08D4D7ED4D
:1021C000067AB7EE087AF4EEC77AF1EE10FA04DD7B
:1021D0007B68002283F8712023E07B68FA7D83F816
:1021E00028207B687A7F83F829207B683A69DA6245
:1021F000D7ED067AB6EE007A27EE877A7B68D3EDC4
:102200000C7AF6EE006A67EEA67A77EE277A7B689C
:10221000C3ED0C7A7B68012283F87120064B0422FF
:102220009A612037BD4680BD00007F430000164301
:102230006F12833ACDCCCC3D0008004880B483B007
:1022400000AF78600B46FB70FB78002B04D0074B87
:102250004FF400729A6103E0044B4FF000729A61F0
:1022600000BF0C37BD465DF8047B70470004004892
:1022700080B584B000AFF860B9607A603B60FB68FD
:10228000BA681A607B68002B01D07B6800E00123EC
:10229000FA6893603B68002B01D03B6800E00123A3
:1022A000FA68D360F86800F045F800BF1037BD4603
:1022B00080BD80B485B000AF78600B46FB70FB78C2
:1022C000002B1BD07B685A687B681B689A4211D22E
:1022D0007B685A687B689B681344FB607B681B685B
:1022E000FA689A4202D97B681B6800E0FB687A684A
:1022F000536017E07B6801221A7413E07B685A6808
:102300007B68DB689A4207D97B685A687B68DB6820
:10231000D21A7B685A6005E07B6800225A607B68AD
:1023200000221A747B681B7C18461437BD465DF882
:10233000047B704780B483B000AF78607B68002274
:102340005A607B6800221A7400BF0C37BD465DF8E6
:10235000047B704780B582B000AF87ED010A97ED2E
:10236000010A09F0CFFBF0EE407AB0EE670A0837B9
:10237000BD4680BD80B582B000AF87ED010A97ED04
:10238000010A09F0F7FBF0EE407AB0EE670A083771
:10239000BD4680BD80B483B000AF87ED010AD7EDA4
:1023A000017AF5EEC07AF1EE10FA01D80B4B0BE092
:1023B000D7ED017AB7EE007AF4EEC77AF1EE10FAB3
:1023C00001DB074B00E07B6807EE903AB0EE670A4E
:1023D0000C37BD465DF8047B704700BFCDCCCC3DCB
:1023E0006666663F80B584B000AFF86087ED020A8C
:1023F000C7ED010A97ED020AFFF7CCFFF0EE407A35
:10240000FB68C3ED007AFB687A685A60FB680122BA
:102410001A7200BF1037BD4680BD80B485B000AFD2
:10242000786087ED000A7B681B7A83F00103DBB2DA
:10243000002B01D03B681AE07B6893ED007AD7ED62
:10244000007A27EE277A7B68D3ED007AF7EE006AF0
:1024500076EEE76A7B68D3ED017A66EEA77A77EECF
:10246000277AC7ED037A7B68FA685A60FB6807EE43
:10247000903AB0EE670A1437BD465DF8047B7047AA
:1024800080B584B000AF78600B46FB70FB78FB73BF
:10249000FB7B002B02D10123FB7304E0FB7B802B31
:1024A00001D98023FB737B68FA7B83F80621786867
:1024B00000F06EF800BF1037BD4680BD80B483B019
:1024C00000AF78600B467B807B6893F80631002B69
:1024D00005D17B8807EE903AF8EE677A51E07B6889
:1024E000D3F800317A6892F8042111467A6832F8FC
:1024F00011209A1A7B68C3F800217B6893F8043195
:1025000019467B687A8823F811207B68D3F800216C
:102510007B881A447B68C3F800217B6893F80431F8
:102520000133DAB27B6883F804217B6893F80421D5
:102530007B6893F806319A4203D37B68002283F8C4
:1025400004217B6893F805217B6893F806319A4251
:1025500007D27B6893F805310133DAB27B6883F8E0
:1025600005217B68D3F8003107EE903AF8EE676AF0
:102570007B6893F8053107EE903AB8EE677AC6EEBD
:10258000877AB0EE670A0C37BD465DF8047B70476A
:1025900080B485B000AF78607B680022C3F800216A
:1025A0007B68002283F804217B68002283F80521E0
:1025B0000023FB7307E0FA7B7B68002123F81210ED
:1025C000FB7B0133FB7397F90F30002BF3DA00BF6D
:1025D00000BF1437BD465DF8047B704780B58AB0F4
:1025E00000AFF86087ED020AC7ED010A87ED001A17
:1025F000D7ED017A9FED2F7A67EE876A97ED027A21
:10260000C6EE877AC7ED097A97ED090AFFF7A2FEB1
:1026100087ED080A97ED090AFFF7ACFE87ED070A78
:10262000D7ED007A37EEA77AD7ED076AC6EE877A3C
:10263000C7ED067AD7ED067AB7EE007A37EE877ADD
:10264000F7EE006AC6EE877AC7ED057AFB687A690D
:102650001A60D7ED087AB8EE007A27EE877AD7EDC0
:10266000057A67EE277AFB68C3ED017AFB687A6921
:102670009A60D7ED087AB8EE007A27EE877AD7ED20
:10268000057A67EE277AFB68C3ED037AB7EE007A26
:10269000D7ED067A37EE677AD7ED057A67EE277AB7
:1026A000FB68C3ED047AF86800F055F800BF2837DE
:1026B000BD4680BDDA0FC94080B485B000AF7860F8
:1026C00087ED000A7B6893ED007AD7ED007A27EE5C
:1026D000277A7B68D3ED016A7B68D3ED057A66EED5
:1026E000A77A37EE277A7B68D3ED026A7B68D3ED51
:1026F000067A66EEA77A37EE277A7B68D3ED036A0F
:102700007B68D3ED077A66EEA77A37EE677A7B6847
:10271000D3ED046A7B68D3ED087A66EEA77A77EE8C
:10272000677AC7ED037A7B685A697B689A617B6830
:102730003A685A617B68DA697B681A627B68FA6872
:10274000DA61FB6807EE903AB0EE670A1437BD46CF
:102750005DF8047B704780B483B000AF78607B681D
:102760004FF000025A617B684FF000029A617B686B
:102770004FF00002DA617B684FF000021A6200BF7E
:102780000C37BD465DF8047B7047000080B582B011
:1027900000AF264B3B60A822002138680AF08EFD6E
:1027A0003B6803221A613B6803225A613B68204A56
:1027B0009A613B681F4ADA613B684FF480621A6293
:1027C0003B6800229A623B6800225A623B68002202
:1027D000DA623B68164A1A663B68174A5A663B68D3
:1027E00010229A663B6800221A673B680022DA666C
:1027F0003B6800225A67BFF35F8F00237B600CE0C9
:102800007B68C3F10F030D4AD15C3A687B681344BF
:102810000A461A707B6801337B607B680F2BEFD907
:10282000BFF35F8F00BF0837BD4680BDCC060020D8
:1028300038F1000874070020740B0020A0F1000894
:1028400080B58AB000AFF860B9607A6000233B625F
:10285000FB68DB68FB61FB681B69BB61BA69FB69EC
:102860009A4205D9BA69FB69D31A013B7B6207E03A
:10287000FB689A68B969FB69CB1A1344013B7B6218
:10288000FB689A68FB69D31A7A6A934228BF134699
:102890007B627A6A7B68934228BF13467B62FB683F
:1028A0005A68FB6913447B617A6AB96878690AF0EF
:1028B00084FD3A6A7B6A13443B62BA687B6A1344BC
:1028C000BB607A687B6AD31A7B60FA697B6A1344BF
:1028D000FB61FB689B68FA699A4201D10023FB61A6
:1028E000BFF35F8FFB68FA69DA607B68002BB2D1B7
:1028F0003B6A18462837BD4680BD80B588B000AF1A
:10290000F860B9607A60FB68DB68FB61FB689A6815
:10291000FB69D31ABB61BA697B689A4211D9FB681B
:102920005A68FB6913443B617A68B96838690AF0F0
:1029300044FDBFF35F8FFA697B681A44FB68DA6075
:102940001FE0BB697B61FB685A68FB6913443B610C
:102950007A69B96838690AF030FD7A68BB69D31AB8
:102960007B61FB685B683B61BA68BB6913447A6949
:10297000194638690AF021FDBFF35F8FFB687A6959
:10298000DA6000BF2037BD4680BD80B487B000AF9D
:1029900078607B681B693B617B68DB68FB603A6938
:1029A000FB689A4208D87B689A68FB68D21A3B6930
:1029B0001344013B7B6104E03A69FB68D31A013B95
:1029C0007B617B6918461C37BD465DF8047B704708
:1029D00080B588B000AFF860B9607A60BB68BB6151
:1029E000FB685A1C13465B001344DB001F4A134468
:1029F0007B617B695B69022B29D0022B2ED8002BCF
:102A000002D0012B13D029E07869FFF7BEFF3861AF
:102A10003A697B689A4202D20023FB6121E07B681D
:102A2000FB617A68B9697869FFF767FF19E078692F
:102A3000FFF7ABFF38617A683B69934228BF1346C2
:102A4000FB61FA69B9697869FFF757FF09E07A68AD
:102A5000B9697869FFF7F4FEF86102E00023FB61D1
:102A600000BFFB6918462037BD4680BDCC0600205C
:102A700080B588B000AFF860B9607A600E4BFB613A
:102A8000FB691B78DBB2532B01D0FFF77FFEEFF31E
:102A900011834FF0200181F31188BB617A68B96816
:102AA000F868FFF795FF7861BB6983F311887B694C
:102AB00018462037BD4680BDCC06002080B58AB0C0
:102AC00000AFF860B9607A603B60204B3B623B6AC4
:102AD0001B78DBB2532B01D0FFF758FE1B4BFB6179
:102AE000FB68022B2AD8EFF311834FF0200181F30A
:102AF0001188BB61FB685A1C13465B001344DB0062
:102B0000FA6913447B61FB68002B0ED07B69BA68BD
:102B10001A607B697A685A607B693A689A607B6957
:102B200000221A617B690022DA607B693A6B5A6184
:102B3000BB6983F3118800237B6202E04FF0FF330F
:102B40007B627B6A18462837BD4680BDCC060020D4
:102B500080B500AFFFF71AFE00BF80BD80B584B01E
:102B600000AF7860164BDB68154A43F08073D36082
:102B7000144B00225A60134B1B68124A43F00103A6
:102B8000136004F03FFDF8607B68FA681A60FB6828
:102B90000D4AA2FB03239A097B685A60FB680B4A23
:102BA000A2FB03239A0C7B689A607B680022DA60A0
:102BB000786800F00DF87B6818461037BD4680BD78
:102BC000F0ED00E0001000E0D34D621083DE1B4307
:102BD00080B485B000AF7860154B1B78DBB2002B5A
:102BE0000CBF01230023DBB2002B1BD0104B0122B2
:102BF0001A70104B5B68FB607B681A69FB689A422D
:102C00008CBF01230023DBB2002B04D07B68DB6880
:102C10005A1C7B68DA60074B5A687B681A61044B60
:102C200000221A7000BF1437BD465DF8047B704760
:102C3000840B0020001000E080B500AF074B1B683C
:102C400003F00103002B05D10548FFF787FF034B75
:102C500001221A60024B184680BD00BFB00B002055
:102C6000880B002080B483B000AFEFF310833B608B
:102C70003B687B6072B600BF7B6818460C37BD4668
:102C80005DF8047B704780B485B000AF78607B68E6
:102C9000FB60FB6883F3108800BF00BF1437BD469C
:102CA0005DF8047B7047000080B582B002AFFFF78B
:102CB000C3FF03460C4A1360002300934FF4805374
:102CC0000A4A0B490020FFF7F9FE0A4B00221A605E
:102CD000094B00221A60094B00221A60084B00229F
:102CE0001A6000BFBD4680BDC43B0020C83B002029
:102CF00044F10008BC3B0020C03B0020B83B002052
:102D0000B43B002080B483B000AF78600B46FB700A
:102D10007B68FA781A707B68013318460C37BD4619
:102D20005DF8047B7047000080B586B000AF786026
:102D300039603B68002B05D130217868FFF7E2FF4E
:102D4000034631E00023FB7519E03968184BA3FBFB
:102D50000123DA0813469B0013445B00CA1AD3B25E
:102D60003033DAB2FB7D591CF97518333B4403F854
:102D70000C2C3B680E4AA2FB0323DB083B603B683C
:102D8000002BE2D10CE0FB7D013BFB75FB7D183392
:102D90003B4413F80C3C19467868FFF7B3FF7860A2
:102DA000FB7D002BEFD17B6818461837BD4680BDF0
:102DB000CDCCCCCC80B58CB000AFF86087ED020AEA
:102DC0000B46FB71BB68FB62D7ED0B7AF5EEC07A60
:102DD000F1EE10FA0AD52D21F868FFF793FFF8609D
:102DE000D7ED0B7AF1EE677AC7ED0B7AD7ED0B7A58
:102DF000FCEEE77A17EE903ABB61B969F868FFF725
:102E000093FFF860FB79002B01D1FB6868E02E216D
:102E1000F868FFF777FFF860BB6907EE903AF8EEC5
:102E2000677A97ED0B7A77EE677AC7ED0A7A002317
:102E300087F827300CE0D7ED0A7AB2EE047A67EE15
:102E4000877AC7ED0A7A97F82730013387F8273059
:102E500097F82720FB799A42EDD3D7ED0A7AB6EEA0
:102E6000007A77EE877AFCEEE77A17EE903A7B618C
:102E700001233B620123FB7708E03A6A13469B007B
:102E800013445B003B62FB7F0133FB77FA7FFB79E6
:102E90009A42F2D30023BB771DE07A693B6AB2FB0A
:102EA000F3F1114BA3FB0123DA0813469B001344F3
:102EB0005B00CA1AD3B23033DBB21946F868FFF7A9
:102EC00021FFF8603B6A084AA2FB0323DB083B6250
:102ED000BB7F0133BB77BA7FFB799A42DDD3FB68B6
:102EE00018463037BD4680BDCDCCCCCC80B5A4B023
:102EF00000AF786007F10C03C7F88C306321D7F876
:102F00008C00FFF7FFFEC7F88C006821D7F88C0013
:102F1000FFF7F8FEC7F88C003A21D7F88C00FFF7CE
:102F2000F1FEC7F88C007B681B681946D7F88C0047
:102F3000FFF7FAFEC7F88C002C21D7F88C00FFF7BA
:102F4000E1FEC7F88C007B689B881946D7F88C0097
:102F5000FFF7EAFEC7F88C002C21D7F88C00FFF7AA
:102F6000D1FEC7F88C007B68DB881946D7F88C0047
:102F7000FFF7DAFEC7F88C002C21D7F88C00FFF79A
:102F8000C1FEC7F88C007B68D3ED027A0321B0EE56
:102F9000670AD7F88C00FFF70DFFC7F88C002C21CB
:102FA000D7F88C00FFF7AEFEC7F88C007B68D3ED36
:102FB000037A0321B0EE670AD7F88C00FFF7FAFE18
:102FC000C7F88C002C21D7F88C00FFF79BFEC7F8C0
:102FD0008C007B68D3ED047A0321B0EE670AD7F842
:102FE0008C00FFF7E7FEC7F88C002C21D7F88C0087
:102FF000FFF788FEC7F88C007B689B8A1946D7F8D4
:103000008C00FFF791FEC7F88C002C21D7F88C00BC
:10301000FFF778FEC7F88C007B689B7D1946D7F8D0
:103020008C00FFF781FEC7F88C000D21D7F88C00CB
:10303000FFF768FEC7F88C000A21D7F88C00FFF76D
:1030400061FEC7F88C0007F10C03D7F88C20D31A67
:103050001A4607F10C0319460020FFF709FD00BFCF
:103060009037BD4680BD000080B584B000AF1F4BD7
:103070001B68002B0CBF01230023DBB2002B31D1D6
:103080000023FB602AE0FFF7EDFDB860184B1B68DA
:103090007B607B68002B03D1B868FFF7F4FD22E06A
:1030A0007B68013B124A1360124B1B683B60114B5B
:1030B0001B680133C3F308030E4A1360B868FFF7B7
:1030C000E2FD3A6813465B001344DB000A4A1344EE
:1030D0001846FFF70BFFFB680133FB60FB680F2B03
:1030E000D1D900E000BF1037BD4680BDB43B002001
:1030F000B83B0020C03B0020B40B002080B582B05C
:1031000000AF78607B680C4A93420ED10B4B1B6872
:1031100001330A4A1360094B1B68012B07D9074B7F
:1031200000221A60FFF7A0FF02E000BF00E000BF2E
:103130000837BD4680BD00BF584F0020C84B002057
:1031400080B500AF00F00AF80346184600F09CF97D
:10315000F0EE407AB0EE670A80BD000080B400AFA8
:10316000024B1846BD465DF8047B70473C000020CA
:10317000B0B596B000AF78607B6808220021184691
:103180000AF09CF87B6808331022002118460AF0E8
:1031900095F87B6803F5CA7324211846FFF770F988
:1031A0007B6803F5277378211846FFF769F97B6878
:1031B00003F56973B1EE041ADFED520A9FED520A6E
:1031C0001846FFF70BFA7B684FF00002C3F8D423D0
:1031D0007B684FF00002C3F8D8237B6803F5BE7309
:1031E000DFED4A0A9FED4A0A1846FFF7FBF87B68B5
:1031F00003F5C473DFED450A9FED460A1846FFF755
:10320000F1F8786800F0BCF8434B07F130041D4634
:103210000FCD0FC40FCD0FC495E8030084E8030061
:103220003E4B3B637B687B6304233B87012387F82A
:103230003A300423BB873A4B3B64012387F8443080
:10324000384BBB64384BFB647B68183307F13002A2
:1032500011461846FDF7BBFE2F4B07F108041D462B
:103260000FCD0FC40FCD0FC495E8030084E8030011
:103270002E4BBB607B680833FB6008233B82022334
:10328000BB740423BB822A4BBB6102233B77254BD3
:103290003B62254B7B627B68903307F10802114645
:1032A0001846FDF794FE00BF7B6818331846FDF7FB
:1032B000F4FE034683F00103DBB2002BF4D100BF20
:1032C0007B6890331846FDF7E8FE034683F0010360
:1032D000DBB2002BF4D17B6803F584737968042298
:1032E0001846FEF741FC7B6803F5847311491846C4
:1032F000FEF7AEFE786800F01FF800BF5837BD46F5
:10330000B0BD00BF00007A440060EA460000000043
:103310003333333FCDCCCC3D54F10008CC4B0020AF
:10332000B4F100088195534000F07F45384C0020EF
:10333000C4F100084131000880B582B000AF786068
:103340007B6818331846FDF7C2FE7B689033184639
:10335000FDF7BDFE00BF0837BD4680BD80B582B019
:1033600000AF78607B6818331846FDF710FF7B6864
:1033700090331846FDF70BFF00BF0837BD4680BDF0
:1033800080B582B000AF78607B68082200211846C3
:1033900009F094FF7B68002283F8D0237B6803F553
:1033A0008473796804221846FEF7DEFB00BF0837F5
:1033B000BD4680BD80B582B000AF786039603B68A3
:1033C0000E4A934214D17B6890331846FDF7F3FE02
:1033D000034683F00103DBB2002B01D0002308E099
:1033E0007B6890331946786800F06EF8012300E09E
:1033F000002318460837BD4680BD00BF384C00206A
:1034000080B582B000AF78607B6803F5847318469E
:10341000FEF758FD034618460837BD4680BD80B507
:1034200082B000AF78607B6803F584731846FEF7BE
:1034300056FD03461B78002B14BF01230023DBB28B
:1034400018460837BD4680BD80B483B000AF7860B1
:103450007B68D3F8D43307EE903AB0EE670A0C37A6
:10346000BD465DF8047B704780B483B000AF7860E0
:103470007B68D3F8D83307EE903AB0EE670A0C3782
:10348000BD465DF8047B704780B483B000AF7860C0
:103490007B68D3F8DC3307EE903AB0EE670A0C375E
:1034A000BD465DF8047B704780B582B000AF7860A0
:1034B00039607B6803F584731846FEF79BFB00BFF9
:1034C0000837BD4680BD000080B586B000AF78608B
:1034D00039607B68183319467868FFF7E5FF0221E9
:1034E0003868FDF718FF0346FB8201213868FDF7B5
:1034F00012FF0346BB827B6803F52773BA8A114625
:103500001846FEF7DBFFF0EE407A7B68C3EDF37AF6
:103510007B6803F5CA73FA8A11461846FEF7CEFF98
:10352000F0EE407A7B68C3EDF27A7B68D3EDF27AF5
:103530009FED241ADFED240AB0EE670A00F04AF886
:1035400087ED040A7B68D3EDF37A9FED201ADFED57
:10355000200AB0EE670A00F03DF887ED030A7B68A9
:1035600003F5697397ED030A1846FFF7A5F887ED91
:10357000020A7B6803F5BE7397ED040A1846FEF74E
:103580004CFFF0EE407A7B68C3EDF57A7B6803F57B
:10359000C47397ED020A1846FEF73FFFF0EE407A3B
:1035A0007B68C3EDF67A7B6893EDF57A7B68D3EDA3
:1035B000F67A67EE277A7B68C3EDF77A00BF183793
:1035C000BD4680BD7A53113CABE7243FA69BC43A6D
:1035D0009A089BBE80B485B000AF87ED030AC7EDA3
:1035E000020A87ED011A97ED037AD7ED017A27EEEB
:1035F000277AD7ED027A77EE277AB0EE670A14378A
:10360000BD465DF8047B704780B400AF024B18469E
:10361000BD465DF8047B70472004002090B587B05C
:1036200000AF7860FFF79AFD03461846FFF7A0FD4C
:103630007B68FEEE002AB6EE002ADFED201A9FED31
:103640001F1ADFED1F0A9FED1D0A01211846FDF725
:10365000DCFBFFF77DFAFFF727FB7B68012283F88D
:103660004C20184B07F108040FCB84E80F0007F13A
:1036700008031846FEF704F87B6803F150000123A5
:1036800002221921FEF7F4FD7B6803F16400012397
:1036900002221921FEF7ECFD7B6803F1780001237B
:1036A00002223221FEF7E4FD786800F0F7F978682D
:1036B00000F020F900BF1C37BD4690BD000000009F
:1036C0006F12033B7CF1000880B582B000AF7860D8
:1036D000786800F095FA7B6893F84830042B00F284
:1036E000AF8001A252F823F0FD360008053700082C
:1036F0000D3700088D370008EB370008786800F0B8
:10370000CDF9A0E0786800F0F5F99CE09FED4F0A54
:10371000786800F09FF8FFF721FD03461846FFF791
:103720006FFE0346002B0AD0FFF718FD034618462C
:10373000FFF775FE0346002B01D0012300E00023B4
:10374000002B08D07B680022A3F84E207B68032260
:1037500083F8482077E07B68B3F84E30002B07D021
:103760007B68B3F84E30013B9AB27B68A3F84E20D9
:103770007B68B3F84E30002B64D17B6893F84B30F4
:10378000002B5FD1786800F089F95BE0FFF7E6FC79
:1037900003461846FFF734FE034683F00103DBB20D
:1037A000002B0BD1FFF7DAFC03461846FFF737FE74
:1037B000034683F00103DBB2002B01D0012300E0BC
:1037C0000023002B04D07B68022283F848203AE0D3
:1037D0007B68042283F848201D4BD3ED007AB0EEBD
:1037E000670A786800F036F82DE0FFF7B7FC03466B
:1037F0001846FFF705FE034683F00103DBB2002BFA
:103800000BD1FFF7ABFC03461846FFF708FE034653
:1038100083F00103DBB2002B01D0012300E0002381
:10382000002B04D07B68022283F848200BE0084B71
:10383000D3ED007AB0EE670A786800F00BF802E08A
:1038400000BF00E000BF0837BD4680BD0000204239
:103850001C04002090B583B000AF786087ED000AAB
:103860007B683A689A627C68FFF778FC03461846E2
:10387000FFF70AFEF0EE407AB0EE670A2046FDF749
:10388000D5F97B6893ED117A7B68D3ED0C6A9FEDD7
:10389000166AC6EE867A77EE277A7B68C3ED117AD0
:1038A0007B68D3ED117AF5EEC07AF1EE10FA03D50C
:1038B0007B684FF000025A647B68D3ED117A9FED6C
:1038C0000B7AF4EEC77AF1EE10FA02DD7B68084A53
:1038D0005A647B68D3ED117AB0EE670AFEF7BCF844
:1038E00000BF0C37BD4690BD00007A446666663F57
:1038F0006666663F80B582B000AF78607B6893F8FB
:103900004830002B17D17B6893F84B30002B12D135
:1039100003F0C6F972B600BFBFF34F8F00BF01219D
:103920004FF4804004F006FE00F0ACFA62B600BF2F
:1039300003F0C6F900E000BF0837BD4680BD0000B7
:1039400080B582B000AF786039603B68044A93422A
:1039500002D17868FFF7B8FE00BF0837BD4680BDCA
:10396000584F002080B582B000AF786039603B6866
:10397000094A93420BD1386806F082FF7B68002227
:1039800083F84A207B68012283F8482000E000BFCA
:103990000837BD4680BD00BFD44E002080B582B040
:1039A00000AF78600B467B804FF480511C4804F0D8
:1039B000ADFA0346012B0CBF01230023DBB2002B21
:1039C00010D07B6893F84830002B25D17B6801220A
:1039D00083F84820786800F035F87B68012283F886
:1039E0004B2019E008214FF0904004F08FFA034675
:1039F000012B0CBF01230023DBB2002B0DD07B6811
:103A000093F84830002B08D17B68012283F84820C6
:103A1000786800F017F800E000BF0837BD4680BDA9
:103A20000008004880B582B000AF78603960FFF7C9
:103A300095FB034639681846FFF7BCFC00BF083702
:103A4000BD4680BD80B582B000AF78607B6893F8DA
:103A50004930002B06D1054807F0F2F97B680122B6
:103A600083F8492000BF0837BD4680BD584F00206D
:103A700080B582B000AF78607B6893F84930002B46
:103A800006D0054807F054FA7B68002283F84920E5
:103A900000BF0837BD4680BD584F002080B582B0BA
:103AA00000AF7860786800F09BF87B6893F84C3042
:103AB000002B09D0FFF752FB03461846FFF74EFCD8
:103AC0007B68002283F84C20FFF748FB034618462A
:103AD000FFF756FC7868FFF7CBFF7B680022A3F85E
:103AE0004E207B68002283F8482000BF0837BD467F
:103AF00080BD000080B582B000AF7860FFF72EFB7C
:103B000003461846FFF73CFCFFF728FB0346184620
:103B1000FFF712FC7B68012283F84C20786800F0E4
:103B20002BF87B680A4A5A647B68D3ED117AB0EEB1
:103B3000670AFDF791FF7B684FF47A62A3F84E2085
:103B40007B68022283F8482000BF0837BD4680BD4D
:103B5000CDCC4C3F80B582B000AF7860B6EE000AA5
:103B60000120FDF79DFEB6EE000A0220FDF798FE4B
:103B700000BF0837BD4680BD80B582B000AF786019
:103B80004FF4C200FDF7D6FD7868FFF7E3FF4FF46E
:103B90007060FDF739FE00BF0837BD4680BD0000EC
:103BA00080B582B000AF78604FF4C200FDF7C2FD6F
:103BB0009FED090AFDF750FF4FF47060FDF724FEFA
:103BC0007868FFF7C7FF054B1B684FF47A525A62BB
:103BD00000BF0837BD4680BD00000000D84D002062
:103BE00080B582B000AF78604FF47060FDF71EFEC4
:103BF0004FF4C200FDF7D4FD00BF0837BD4680BDBD
:103C000080B586B000AF7860FFF7A8FA0346184683
:103C1000FFF71AFC87ED050AFFF7A0FA03461846DE
:103C2000FFF722FC87ED040AD7ED057AB2EE0E7A93
:103C3000F4EEC77AF1EE10FA4CBF01230023FB73B8
:103C4000D7ED057AB3EE0E7AF4EEC77AF1EE10FAFC
:103C5000CCBF01230023BB73D7ED047AB1EE087A01
:103C6000F4EEC77AF1EE10FACCBF012300237B7388
:103C70007B685033FA7B11461846FEF71AFB034661
:103C80003B737B686433BA7B11461846FEF711FB21
:103C90000346FB727B6878337A7B11461846FEF741
:103CA00008FB0346BB723B7B002B05D1FB7A002B44
:103CB00002D1BB7A002B01D0012300E000237B72EC
:103CC0007B7A002B15D07B6893F88C30002B10D1B9
:103CD0007B68012283F88C204FF47060FDF7A6FD0D
:103CE0007B681846FDF74AF97B684FF000025A647A
:103CF00011E07B7A83F00103DBB2002B0BD07B68F1
:103D000093F88C30002B06D07B68002283F88C203F
:103D10007868FFF745FF00BF1837BD4680BD80B506
:103D200000AFFFF771FC03461846FFF777FC00BFB2
:103D300080BD80B500AFFFF767FC03461846FFF76C
:103D4000D9FD00BF80BD80B582B000AF7860FFF7BD
:103D50005BFC034679681846FFF764FE00BF08372E
:103D6000BD4680BD80B582B000AF7860FFF74CFCE7
:103D7000034679681846FFF7E3FD7868FFF7BEF958
:103D800000BF0837BD4680BD80B582B000AF786007
:103D9000FFF73AFC034679681846FFF7E3FD00BFDA
:103DA0000837BD4680BD80B582B000AF0346FB80BA
:103DB000FFF72AFC0246FB8819461046FFF7EEFD86
:103DC00000BF0837BD4680BD80B500AF02F0D6FE0B
:103DD00000F058F800F0B4F800F0F8FB00F064F9D7
:103DE00000F02AFC00F05EFF00F0C6F900F00CFFC6
:103DF00000F0A0FE00F0C2FF00F08AFF00F03EFBE2
:103E000000F08BF802F06CFF02F07AFF1C4B1B698C
:103E10001B4A43F400631361194B9B68184A43F033
:103E200001039360164B9B68154A43F008039360A7
:103E3000134B9B68124A43F010039360104B9B682E
:103E40000F4A43F0200393600D4B1B690C4A43F467
:103E5000005313610A4B9B68094A43F00043936087
:103E6000074B1B69064A43F0806313614FF4FA70F5
:103E700002F0F4FEFFF753FFFFF75BFFFCE700BF24
:103E8000002004E080B594B000AF07F11803382299
:103E90000021184609F012FA3B1D00221A605A60F0
:103EA0009A60DA601A61002004F05CFB0923BB61B0
:103EB0004FF48033FB610123FB6202237B63032306
:103EC000BB630223FB6355233B6402237B64022311
:103ED000BB640223FB6407F11803184602F044FF99
:103EE0000346002B01D000F024F80F237B6003234E
:103EF000BB600023FB6000233B6100237B613B1D13
:103F00000421184603F042FA0346002B01D000F0CA
:103F100010F800BF5037BD4680BD80B500AF00220D
:103F20000021362004F003FD362004F01AFD00BF06
:103F300080BD80B400AF72B600BF00BFFDE70000D7
:103F400080B58AB000AF07F1140300221A605A60EE
:103F50009A60DA601A61514BDB6C504A43F02003DF
:103F6000D3644E4BDB6C03F020033B613B694B4B4E
:103F7000DB6C4A4A43F00403D364484BDB6C03F028
:103F80000403FB60FB68454BDB6C444A43F00103D0
:103F9000D364424BDB6C03F00103BB60BB683F4B57
:103FA000DB6C3E4A43F00203D3643C4BDB6C03F012
:103FB00002037B607B6800220421394803F0BEFFC6
:103FC00000224FF42071374803F0B8FF04237B61CF
:103FD0000123BB610223FB6102233B6207F114034F
:103FE00019462F4803F010FE08237B614FF4881315
:103FF000BB610223FB6107F1140319464FF09040A7
:1040000003F002FE4FF450437B610323BB610023A6
:10401000FB6107F114031946224803F0F5FD4FF444
:10402000C0537B614FF48813BB610223FB6107F12E
:10403000140319461A4803F0E7FD80237B6111231E
:10404000BB610023FB6102233B6207F114031946A5
:10405000144803F0D9FD4FF400737B610123BB6169
:104060000023FB6100233B6207F1140319460D484E
:1040700003F0CAFD00220021092004F058FC0920A9
:1040800004F06FFC00220021282004F050FC2820BE
:1040900004F067FC00BF2837BD4680BD0010024019
:1040A000000800480004004880B588B000AF3B46D7
:1040B00020220021184609F001F92C4B2C4A1A60E5
:1040C0002A4B4FF440325A60284B00229A60274B0B
:1040D0000022DA60254B00221A61244B00225A612B
:1040E000224B08229A61214B00221A771F4B002293
:1040F0005A771E4B01221A621C4B002283F824209F
:104100001A4B4FF4D462DA62184B4FF480621A6390
:10411000164B012283F83820144B4FF48052DA6397
:10412000124B002283F84020104801F0DFF90346CB
:10413000002B01D0FFF7FDFE0E4B3B6006237B609A
:104140000223BB607F23FB6004233B6100237B6170
:104150003B461946054801F0CFFC0346002B01D031
:10416000FFF7E7FE00BF2037BD4680BDCC4B0020E7
:10417000000100500008302E80B58CB000AF07F170
:10418000240300221A605A609A603B1D20220021FD
:10419000184609F093F83A4B3A4A1A60384B4FF4F4
:1041A00040325A60364B00229A60354B0022DA606A
:1041B000334B00221A61324B01225A61304B0822E4
:1041C0009A612F4B00221A772D4B00225A772C4BE5
:1041D00002221A622A4B002283F82420284B4FF433
:1041E000D462DA62264B4FF480621A63244B0122B8
:1041F00083F83820224B4FF48052DA63204B0022A0
:1042000083F840201E4801F071F90346002B01D0CD
:10421000FFF78FFE00237B6207F12403194618483D
:1042200002F0A4FB0346002B01D0FFF782FE164BE1
:104230007B600623BB600323FB607F233B61042379
:104240007B610023BB613B1D19460D4801F054FC06
:104250000346002B01D0FFF76CFE0C4B7B600C2358
:10426000BB603B1D1946064801F046FC0346002B87
:1042700001D0FFF75EFE00BF3037BD4680BD00BFF6
:10428000384C0020000400502000F0140010603270
:1042900080B5A0B000AF786007F16C0300221A600F
:1042A0005A609A60DA601A6107F1180354220021FB
:1042B000184609F003F87B681B68674A934260D18F
:1042C0004FF40043BB614FF00053FB6507F1180347
:1042D000184603F04BFA0346002B01D0FFF729FEE6
:1042E0005E4BDB6C5D4A43F40053D3645B4BDB6C89
:1042F00003F400537B617B69584BDB6C574A43F0F6
:104300000403D364554BDB6C03F004033B613B694E
:104310002023FB6603233B6700237B6707F16C03C5
:1043200019464F4803F070FC4E4B4F4A1A604D4BF4
:1043300024225A604B4B00229A604A4B0022DA60DA
:10434000484B80221A61474B4FF480725A61454BAB
:104350004FF480629A61434B2022DA61414B4FF463
:1043600080521A623F4803F019FE0346002B01D029
:10437000FFF7DFFD7B683B4A5A653A4A7B689362E8
:1043800065E07B681B68394A934260D14FF4803303
:10439000BB614FF000433B6607F11803184603F07A
:1043A000E5F90346002B01D0FFF7C3FD2B4BDB6C77
:1043B0002A4A43F48043D364284BDB6C03F48043E4
:1043C000FB60FB68254BDB6C244A43F00203D3649B
:1043D000224BDB6C03F00203BB60BB6842F20303B9
:1043E000FB6603233B6700237B6707F16C031946D9
:1043F0001F4803F009FC1F4B1F4A1A601D4B252262
:104400005A601C4B00229A601A4B0022DA60194B4A
:1044100080221A61174B4FF480725A61154B4FF48A
:1044200080629A61134B2022DA61124B4FF44052A2
:104430001A62104803F0B2FD0346002B01D0FFF7CB
:1044400078FD7B680B4A5A650A4A7B68936200BF15
:104450008037BD4680BD00BF000100500010024003
:1044600000080048A44C00201C0402400004005036
:1044700000040048044D00200804024080B58CB0C0
:1044800000AF3B4630220021184608F017FF164BBC
:10449000164A1A60144804F07EFA0346002B01D035
:1044A000FFF747FD02233B6000233B7100237B7134
:1044B0000023BB600023FB6000233B6100237B6182
:1044C0000123BB610023FB613B46002219460648DD
:1044D00004F0E4FA0346002B01D0FFF72AFD00BFE9
:1044E0003037BD4680BD00BF644D0020000800503D
:1044F00080B58AB000AF786007F1140300221A601B
:104500005A609A60DA601A617B681B682B4A934292
:104510004FD12B4BDB6C2A4A43F48033D364284BB6
:10452000DB6C03F480333B613B69254BDB6C244A35
:1045300043F00103D364224BDB6C03F00103FB6007
:10454000FB6810237B610323BB610023FB6107F140
:10455000140319464FF0904003F056FB194B1A4ACA
:104560001A60184B06225A60164B10229A60154B9F
:104570000022DA60134B80221A61124B4FF4007252
:104580005A61104B4FF480629A610E4B0022DA613F
:104590000C4B00221A620B4803F000FD0346002B6F
:1045A00001D0FFF7C6FC7B68064A9A60054A7B6823
:1045B000936200BF2837BD4680BD00BF0008005091
:1045C00000100240784D00201C00024080B584B0ED
:1045D00000AF184B9B6C174A43F004039364154BD0
:1045E0009B6C03F00403FB60FB68124B9B6C114A4D
:1045F00043F0020393640F4B9B6C03F00203BB6018
:10460000BB680C4B9B6C0B4A43F001039364094B52
:104610009B6C03F001037B607B6800220021382043
:1046200004F085F9382004F09CF900BF1037BD462E
:1046300080BD00BF0010024080B5BAB000AF07F1E6
:10464000E00300221A605A6007F1D00300221A60CA
:104650005A609A60DA6007F1700360220021184600
:1046600008F02CFE07F1640300221A605A609A6079
:1046700007F1480300221A605A609A60DA601A61F2
:104680005A619A6107F1240324220021184608F098
:1046900015FE3B1D20220021184608F00FFECB4BD3
:1046A000CB4A1A60C94B00225A60C84B00229A605C
:1046B000C64804F0B7FB0346002B01D0FFF739FCD6
:1046C0000C21C24804F07EFC0346002B01D0FFF70A
:1046D00030FC0A21BD4804F0CDFC0346002B01D07C
:1046E000FFF727FC0023C7F8E0300223C7F8E430C7
:1046F00007F1E0031A460121B44804F017FD034610
:10470000002B01D0FFF715FC00220121AF4804F077
:10471000F9FE0346002B01D0FFF70BFC45F68A0398
:10472000C7F8D0300323C7F8D4300123C7F8D830F6
:104730000823C7F8DC3007F1D0031A460621A34846
:1047400004F0CCFC0346002B01D0FFF7F2FB102352
:104750003B6700237B670023BB670023FB670123C4
:10476000C7F880300023C7F884300023C7F88830AA
:104770000023C7F88C300023C7F890300023C7F817
:1047800094304FF00063C7F898300023C7F89C308E
:104790000023C7F8A0304FF00053C7F8A43000231F
:1047A000C7F8CC3007F170031A460621874804F099
:1047B000F3FF0346002B01D0FFF7BBFB4FF6EF736F
:1047C0007B6607F1640301220621804805F024F985
:1047D0000346002B01D0FFF7ACFB44F268237B6655
:1047E00007F1640302220621784805F015F9034613
:1047F000002B01D0FFF79DFB4FF6EF737B6607F1AF
:10480000640304220621714805F006F90346002BD3
:1048100001D0FFF78EFB0023C7F8D43007F1D00397
:104820001A460421694804F059FC0346002B01D0C4
:10483000FFF77FFB0023BB6400233B6500237B6500
:1048400000233B6607F148031A4604215F4805F040
:1048500030F80346002B01D0FFF76BFB00233B67CA
:1048600000237B670023C7F8A8300023C7F8AC30CB
:104870000023C7F8B0304FF48073C7F8B43000237A
:10488000C7F8B8304FF08073C7F8C0302023C7F89E
:10489000C4300023C7F8C83007F170031A4604215A
:1048A0004A4804F079FF0346002B01D0FFF741FB93
:1048B0000023C7F8B8308023C7F8C43007F170036D
:1048C0001A460521414804F067FF0346002B01D03A
:1048D000FFF72FFB06237B6607F164030122042107
:1048E0003A4805F099F80346002B01D0FFF721FB69
:1048F00007F1640304220421344805F08DF80346CF
:10490000002B01D0FFF715FB00237B628C23BB62D9
:104910000023FB6200233B6300237B638C23BB6388
:104920000023FB6300233B6400237B6407F1240323
:104930001A460421254804F0EFFF0346002B01D05E
:10494000FFF7F7FA07F124031A4605211F4804F080
:10495000E3FF0346002B01D0FFF7EBFA00237B6057
:104960000823BB602023FB6000233B6100237B61A5
:104970000023BB610023FB6100233B623B1D4FF41E
:1049800080720421114805F0B5F90346002B01D0CF
:10499000FFF7CFFA3B1D4FF4806205210B4805F06D
:1049A000A9F90346002B01D0FFF7C3FA0023BB602F
:1049B0000023FB603B1D4FF400720421034805F007
:1049C00099F90346002B07D004E000BFD84D002022
:1049D00000680140FFF7ADFA3B1D4FF4006205216E
:1049E0001F4805F087F90346002B01D0FFF7A1FA15
:1049F00007F1D0031A460521194804F06FFB03465E
:104A0000002B01D0FFF795FA07F148031A4605215C
:104A1000134804F04EFF0346002B01D0FFF789FA3C
:104A200007F16403012205210D4804F0F5FF034658
:104A3000002B01D0FFF77DFA07F164030422052162
:104A4000074804F0E9FF0346002B01D0FFF771FA95
:104A5000034800F027F800BFE837BD4680BD00BF1F
:104A6000D84D002080B485B000AF78607B681B68AB
:104A70000A4A93420BD10A4B1B6E094A43F08063EA
:104A80001366074B1B6E03F08063FB60FB6800BF7F
:104A90001437BD465DF8047B704700BF00680140D5
:104AA0000010024080B588B000AF786007F10C03B9
:104AB00000221A605A609A60DA601A617B681B688B
:104AC000194A93422CD1194BDB6C184A43F004036A
:104AD000D364164BDB6C03F00403BB60BB68C023DC
:104AE000FB6002233B6100237B610323BB610D2339
:104AF000FB6107F10C0319460D4803F085F84FF4EC
:104B00004073FB6002233B6100237B610323BB6195
:104B10000323FB6107F10C031946054803F074F801
:104B200000BF2037BD4680BD006801400010024034
:104B30000008004880B500AF134B144A1A60124BAE
:104B400000225A60104B4FF420629A600E4B4FF6D1
:104B5000FF725A610C4B00221A620B4B00225A6200
:104B6000094B00229A62084B0022DA62064B0022AF
:104B70001A63054805F0E8FD0346002B01D0FFF756
:104B8000D8F900BF80BD00BFD44E0020007C00409B
:104B900080B598B000AF786007F10C035422002173
:104BA000184608F08BFB7B681B68154A934223D19B
:104BB0004FF40073FB604FF48023BB6307F10C03D9
:104BC000184602F0D3FD0346002B01D0FFF7B1F9E0
:104BD0000C4B9B6D0B4A43F000439365094B9B6D57
:104BE00003F00043BB60BB6800220121312003F0C9
:104BF0009EFE312003F0B5FE00BF6037BD4680BD8C
:104C0000007C00400010024080B588B000AF07F182
:104C1000100300221A605A609A60DA603B1D00227D
:104C20001A605A609A601D4B1D4A1A601B4BAA22DB
:104C30005A601A4B00229A60184B44F62062DA60E0
:104C4000164B00221A61154B00229A61134806F098
:104C50002FF80346002B01D0FFF76BF94FF4805378
:104C60003B6107F1100319460C4806F0DFFA0346D2
:104C7000002B01D0FFF75DF900237B600023FB6070
:104C80003B1D1946054806F05FFD0346002B01D089
:104C9000FFF74FF900BF2037BD4680BD0C4F002005
:104CA000000C004080B584B000AF3B1D00221A60AC
:104CB0005A609A60144B154A1A60134B10225A60BE
:104CC000114B00229A60104B42F20F72DA600E4BC9
:104CD00000229A610C4805F0EBFF0346002B01D03F
:104CE000FFF727F900237B600023FB603B1D19467B
:104CF000054806F029FD0346002B01D0FFF719F9FE
:104D000000BF1037BD4680BD584F00200010004046
:104D100080B584B000AF3B1D00221A605A609A60D3
:104D2000144B154A1A60134BAA225A60114B0022E9
:104D30009A60104B41F28832DA600E4B00229A6181
:104D40000C4805F0B5FF0346002B01D0FFF7F1F842
:104D500000237B600023FB603B1D1946054806F0DD
:104D6000F3FC0346002B01D0FFF7E3F800BF103738
:104D7000BD4680BDA44F00200014004080B588B01F
:104D800000AF07F1100300221A605A609A60DA60DF
:104D90003B1D00221A605A609A60204B204A1A601C
:104DA0001E4BA9225A601D4B00229A601B4B41F2F8
:104DB0008732DA60194B00221A61184B00225A61BF
:104DC000164B00229A61154805F072FF0346002B2E
:104DD00001D0FFF7AEF84FF480533B6107F11003A9
:104DE00019460E4806F022FA0346002B01D0FFF7C1
:104DF000A0F800237B600023BB600023FB603B1D09
:104E00001946064806F0A0FC0346002B01D0FFF728
:104E100090F800BF2037BD4680BD00BFF04F002096
:104E20000034014080B586B000AF78607B681B68B5
:104E3000284A934214D1284B9B6D274A43F008031C
:104E40009365254B9B6D03F008037B617B69002212
:104E50000021322003F06BFD322003F082FD34E0AC
:104E60007B681B681D4A93420CD11B4B9B6D1A4AF1
:104E700043F010039365184B9B6D03F010033B61E7
:104E80003B6922E07B681B68154A93420CD1124BA8
:104E90009B6D114A43F0200393650F4B9B6D03F00C
:104EA0002003FB60FB6810E07B681B680D4A93429F
:104EB0000BD1094B1B6E084A43F400531366064B93
:104EC0001B6E03F40053BB60BB6800BF1837BD46C0
:104ED00080BD00BF000C00400010024000100040E8
:104EE000001400400034014080B400AF00BFFDE773
:104EF00080B400AF00BFFDE780B400AF00BFFDE7A6
:104F000080B400AF00BFFDE780B400AF00BFFDE795
:104F100080B400AF00BFBD465DF8047B704780B42D
:104F200000AF00BFBD465DF8047B704780B400AFA2
:104F300000BFBD465DF8047B704780B500AF01F04F
:104F40006FFE00BF80BD80B500AF082003F00EF8F3
:104F500000BF80BD80B500AF4FF4006003F006F8DD
:104F60004FF4805003F002F800BF80BD80B500AF61
:104F7000024805F0B9FC00BF80BD00BFD44E002040
:104F800080B500AF024806F002F800BF80BD00BF48
:104F90000C4F002080B500AF034805F0F8FF034830
:104FA00003F01BFD00BF80BD584F0020644D002062
:104FB00080B500AF024803F06DF900BF80BD00BFAF
:104FC000044D002080B582B000AF114B1B6E104A1B
:104FD00043F0010313660E4B1B6E03F001037B606D
:104FE0007B680B4B9B6D0A4A43F080539365084BDB
:104FF0009B6D03F080533B603B6801F0A5FE0220EF
:1050000001F08EFE03F0A8FB00BF0837BD4680BD4F
:105010000010024080B483B000AF786039607B68D4
:105020009B6823F47C123B681A437B689A6000BF3C
:105030000C37BD465DF8047B704780B483B000AF89
:10504000786039607B689B6823F0E0723B681A43A4
:105050007B689A6000BF0C37BD465DF8047B7047E3
:1050600080B483B000AF78607B689B6803F0E07326
:1050700018460C37BD465DF8047B704780B487B096
:1050800000AFF860B9607A603B60FB6860331A4635
:10509000BB689B0013447B617B691A68084B134013
:1050A0007A6802F0F8413A680A43134343F0004239
:1050B0007B691A6000BF1C37BD465DF8047B7047F2
:1050C00000F0FF0380B485B000AF786039607B6882
:1050D00060331A463B689B001344FB60FB681B6807
:1050E00003F0F84318461437BD465DF8047B70475B
:1050F00080B487B000AFF860B9607A60FB68603355
:105100001A46BB689B0013447B617B691B6823F0D4
:1051100000427B681A437B691A6000BF1C37BD469A
:105120005DF8047B704780B487B000AFF860B96069
:105130007A60FB6860331A46BB689B0013447B614E
:105140007B691B6823F080727B681A437B691A6055
:1051500000BF1C37BD465DF8047B704780B487B044
:1051600000AFF860B9607A60FB6860331A46BB68CC
:105170009B0013447B617B691B6823F000727B6892
:105180001A437B691A6000BF1C37BD465DF8047B7B
:10519000704780B483B000AF786039607B685B692A
:1051A00023F000423B681A437B685A6100BF0C370A
:1051B000BD465DF8047B704780B483B000AF786073
:1051C0007B68DB6803F44063002B01D1012300E01E
:1051D000002318460C37BD465DF8047B704780B449
:1051E00087B000AFF860B9607A60FB6830331A4668
:1051F000BB681B0A9B0003F00C0313447B617B69B3
:105200001A68BB6803F01F031F2101FA03F3DB4395
:105210001A407B689B0E03F01F01BB6803F01F035D
:1052200001FA03F31A437B691A6000BF1C37BD46BD
:105230005DF8047B704780B487B000AFF860B96058
:105240007A60FB6814331A46BB685B0E9B0003F060
:10525000040313447B617B691A68BB681B0D03F070
:105260001F03072101FA03F3DB431A40BB681B0D40
:1052700003F01F03796801FA03F31A437B691A608C
:1052800000BF1C37BD465DF8047B704780B485B015
:1052900000AFF860B9607A60FB68D3F8B020BB68F3
:1052A000C3F31203DB431A407B6803F01803084979
:1052B000D940BB680B40C3F312031A43FB68C3F821
:1052C000B02000BF1437BD465DF8047B704700BFB7
:1052D000FFFF070080B483B000AF78607B689B68F5
:1052E00003F01F0318460C37BD465DF8047B70477A
:1052F00080B483B000AF78607B689B6823F0204364
:1053000023F03F037A68936000BF0C37BD465DF819
:10531000047B704780B483B000AF78607B689B6883
:1053200003F00053B3F1005F01D1012300E000233B
:1053300018460C37BD465DF8047B704780B483B0D7
:1053400000AF78607B689B6823F0104323F03F0335
:1053500043F080527B689A6000BF0C37BD465DF811
:10536000047B704780B483B000AF78607B689B6833
:1053700003F08053B3F1805F01D1012300E00023EB
:1053800018460C37BD465DF8047B704780B483B087
:1053900000AF78607B689B6823F0004323F03F03F5
:1053A00043F001027B689A6000BF0C37BD465DF890
:1053B000047B704780B483B000AF78607B689B68E3
:1053C00023F0004323F03F0343F002027B689A601E
:1053D00000BF0C37BD465DF8047B704780B483B0D6
:1053E00000AF78607B689B6803F00103012B01D15B
:1053F000012300E0002318460C37BD465DF8047B0E
:10540000704780B483B000AF78607B689B6803F01E
:105410000203022B01D1012300E0002318460C37C0
:10542000BD465DF8047B704780B483B000AF786000
:105430007B689B6823F0004323F03F0343F00402A2
:105440007B689A6000BF0C37BD465DF8047B7047EF
:1054500080B483B000AF78607B689B6823F0004322
:1054600023F03F0343F010027B689A6000BF0C37C3
:10547000BD465DF8047B704780B483B000AF7860B0
:105480007B689B6803F00403042B01D1012300E037
:10549000002318460C37BD465DF8047B704780B486
:1054A00083B000AF78607B689B6823F0004323F0F3
:1054B0003F0343F020027B689A6000BF0C37BD4673
:1054C0005DF8047B704780B483B000AF78607B6880
:1054D0009B6803F00803082B01D1012300E000239F
:1054E00018460C37BD465DF8047B704790B589B00F
:1054F00000AF78600023FB770023FB607B68002B04
:1055000001D10123A9E17B685B69002B7B68DB6D1E
:10551000002B09D17868FEF7BBFE7B6800221A6673
:105520007B68002283F858207B681B681846FFF7C9
:10553000F1FE0346002B04D07B681B681846FFF77A
:10554000D7FE7B681B681846FFF70CFF0346002B4D
:1055500015D17B681B681846FFF7F0FE9C4B1B6853
:105560009B099C4AA2FB03239B0901335B00FB6060
:1055700002E0FB68013BFB60FB68002BF9D17B6814
:105580001B681846FFF7EEFE0346002B0DD17B6823
:10559000DB6D43F010027B68DA657B681B6E43F0BD
:1055A00001027B681A660123FB777B681B6818463B
:1055B000FFF762FF78617B68DB6D03F01003002B5F
:1055C00040F042817B69002B40F03E817B68DB6DBF
:1055D00023F4817343F002027B68DA657B681B6801
:1055E0001846FFF7FBFE0346002B41D17B681B6882
:1055F000B3F1A04F04D07B681B68774A93420FD168
:105600004FF0A040FFF7EAFE04467348FFF7E6FEBE
:1056100003462343002B0CBF01230023DBB212E01F
:105620006E48FFF7DBFE04466D48FFF7D7FE0346E2
:105630001C436C48FFF7D2FE03462343002B0CBFEC
:1056400001230023DBB2002B12D07B681B68B3F16F
:10565000A04F04D07B681B685F4A934201D1624A25
:1056600000E0624A7B685B6819461046FFF7D2FC8F
:105670007B685B7F5A037B68DB6B1A437B68DB6864
:105680001A437B689B681A437B6893F824301B0499
:105690001343BB617B6893F82430012B06D17B68F0
:1056A0009B6A013B5B04BA691343BB617B68DB6A9D
:1056B000002B09D07B68DB6A03F478727B681B6B74
:1056C0001343BA691343BB617B681B68DA68484BB4
:1056D00013407A681268B9690B43D3607B681B6812
:1056E0001B6923F040617B685A6B7B681B680A4327
:1056F0001A617B681B681846FFF7E5FE38617B6915
:10570000002B7FD13B69002B7CD17B681B7F9A03E8
:105710007B6893F838305B001343BB617B681B6880
:10572000DB6823F4804323F002037A681268B969C6
:105730000B43D3607B681B69002B17D07B681B6809
:105740001A697B681B6842F480321A617B681B68A7
:10575000D3F8C03023F47F5323F03F037A681169F4
:105760007A6812680B43C2F8C03013E07B681B688C
:105770001A697B681B6822F480321A617B681B6897
:10578000D3F8C0307A68126823F47F5323F03F03C4
:10579000C2F8C0307B6893F84030012B2AD17B6877
:1057A0001B681B6923F4FF6323F004037A68516CC0
:1057B0007A68926C11437A68D26C11437A68126DE0
:1057C0000A431A437B681B6842F001021A6119E020
:1057D000B8040020632D3E05000100500004005075
:1057E0000005005000060050000300500007005064
:1057F0000740F0FF7B681B681A697B681B6822F012
:1058000001021A617B685B69012B0CD17B681B6804
:105810001B6B23F00F017B681B6A5A1E7B681B6899
:105820000A431A6307E07B681B681A6B7B681B6876
:1058300022F00F021A637B68DB6D23F0030343F051
:1058400001027B68DA6507E07B68DB6D43F01002DC
:105850007B68DA650123FB77FB7F18462437BD465A
:1058600090BD00BF80B586B000AFF860B9607A60C7
:10587000FB681B68B3F1A04F04D0FB681B685A4A51
:10588000934201D1594B00E0594B1846FFF722FDD6
:105890003861FB681B681846FFF7EEFD0346002BD6
:1058A00040F09B80FB6893F85830012B01D1022314
:1058B00096E0FB68012283F85820FB681B684D4A7C
:1058C000934208D03B69002B05D03B69052B02D0E1
:1058D0003B69092B7AD1F86800F00AFE0346FB7594
:1058E000FB7D002B6DD1FB68DB6D23F4706323F02F
:1058F000010343F48072FB68DA65FB681B683A4A6F
:10590000934209D0FB681B683B4A934202D0FB6874
:105910001B6803E0394B01E04FF0A043FA681268BE
:10592000934202D03B69002B05D1FB68DB6D23F469
:105930008012FB68DA65FB68DB6D03F48053002B93
:1059400006D0FB681B6E23F00602FB681A6602E0B5
:10595000FB6800221A66FB685B6D294ADA62FB6805
:105960005B6D284A1A63FB685B6D274A5A63FB68C4
:105970001B681C221A60FB68002283F85820FB6811
:105980001B685A68FB681B6842F010025A60FB688B
:105990001B68DA68FB681B6842F00102DA60FB688A
:1059A000586DFB681B6840331946BA687B6802F083
:1059B0009DFB0346FB75FB681B681846FFF734FD2B
:1059C0000DE0FB68002283F8582008E00123FB75F6
:1059D000FB68002283F8582001E00223FB75FB7D61
:1059E00018461837BD4680BD000100500003005026
:1059F0000007005000060050000500500004005051
:105A0000DB660008B3670008CF67000880B584B084
:105A100000AF78607B6893F85830012B01D10223E6
:105A200051E07B68012283F858200321786800F058
:105A3000A3FC0346FB73FB7B002B3FD17B681B68F9
:105A4000DA687B681B6822F00102DA607B685B6DB4
:105A500093F82530DBB2022B0FD17B685B6D1846C3
:105A600002F0BFFB0346FB73FB7B002B05D07B687A
:105A7000DB6D43F040027B68DA657B681B685A681F
:105A80007B681B6822F010025A60FB7B002B05D15B
:105A9000786800F0C3FD0346FB7302E0786800F00D
:105AA000BDFDFB7B002B09D17B68DB6D23F48853A4
:105AB00023F0010343F001027B68DA657B68002272
:105AC00083F85820FB7B18461037BD4680BD80B454
:105AD00083B000AF786000BF0C37BD465DF8047B33
:105AE000704780B483B000AF786000BF0C37BD460C
:105AF0005DF8047B7047000080B5B6B000AF7860F9
:105B00003960002387F8D7300023FB607B6893F867
:105B10005830012B02D1022300F013BC7B68012214
:105B200083F858207B681B681846FFF7A5FC0346DE
:105B3000002B40F0F3837B6818683B6859683B682A
:105B40001B681A46FFF74BFB7B681B681846FFF77C
:105B500093FCC7F8D0007B681B681846FFF7B3FCBE
:105B6000C7F8CC00D7F8D030002B40F0D981D7F857
:105B7000CC30002B40F0D4813B689B68B3F1004FE0
:105B80000FD17B6818683B681B6800221946FFF735
:105B900052FB7B681B684FF000411846FFF7F9FA8B
:105BA0000EE07B6818683B6819683B689B681A467A
:105BB000FFF741FB7B681B6800211846FFF7E9FAF5
:105BC0003B685A697B681B68DB68DB0803F00303EA
:105BD0005B0002FA03F3C7F8C8303B681B69042B6B
:105BE00022D07B6818683B6819693B681A68D7F847
:105BF000C830FFF743FA7B6818683B6819693B684F
:105C00009B691A46FFF78FFA7B6818683B68196929
:105C10003B681B7F012B02D14FF0007300E0002393
:105C20001A46FFF79BFA7BE17B681B680021184648
:105C3000FFF748FA0346C3F31203002B0AD17B682F
:105C40001B6800211846FFF73DFA03469B0E03F040
:105C50001F021EE07B681B6800211846FFF732FA1E
:105C60000346C7F8BC30D7F8BC3093FAA3F3C7F8A3
:105C7000C030D7F8C030C7F8B830D7F8B830002BEC
:105C800001D1202304E0D7F8B830B3FA83F3DBB2B4
:105C90001A463B681B68C3F31203002B05D13B680F
:105CA0001B689B0E03F01F0318E03B681B68C7F8D6
:105CB000B030D7F8B03093FAA3F3C7F8AC30D7F8C8
:105CC000AC30C7F8B430D7F8B430002B01D1202362
:105CD00004E0D7F8B430B3FA83F3DBB29A4206D1CA
:105CE0007B681B68002200211846FFF701FA7B68D9
:105CF0001B6801211846FFF7E5F90346C3F31203B9
:105D0000002B0AD17B681B6801211846FFF7DAF9DE
:105D100003469B0E03F01F021EE07B681B680121F7
:105D20001846FFF7CFF90346C7F8A430D7F8A430D8
:105D300093FAA3F3C7F8A030D7F8A030C7F8A8307B
:105D4000D7F8A830002B01D1202304E0D7F8A830E1
:105D5000B3FA83F3DBB21A463B681B68C3F3120342
:105D6000002B05D13B681B689B0E03F01F0318E056
:105D70003B681B68C7F89830D7F8983093FAA3F3BC
:105D8000C7F89430D7F89430C7F89C30D7F89C30D7
:105D9000002B01D1202304E0D7F89C30B3FA83F321
:105DA000DBB29A4206D17B681B68002201211846AB
:105DB000FFF79EF97B681B6802211846FFF782F9FE
:105DC0000346C3F31203002B0AD17B681B68022130
:105DD0001846FFF777F903469B0E03F01F021EE0FB
:105DE0007B681B6802211846FFF76CF90346C7F869
:105DF0008C30D7F88C3093FAA3F3C7F88830D7F8F3
:105E00008830C7F89030D7F89030002B01D120238C
:105E100004E0D7F89030B3FA83F3DBB21A463B685C
:105E20001B68C3F31203002B05D13B681B689B0E54
:105E300003F01F0316E03B681B68C7F88030D7F8F3
:105E4000803093FAA3F3FB67FB6FC7F88430D7F871
:105E50008430002B01D1202304E0D7F88430B3FA3A
:105E600083F3DBB29A4206D17B681B6800220221D1
:105E70001846FFF73DF97B681B6803211846FFF7BA
:105E800021F90346C3F31203002B0AD17B681B6878
:105E900003211846FFF716F903469B0E03F01F0275
:105EA00017E07B681B6803211846FFF70BF90346D0
:105EB0007B677B6F93FAA3F33B673B6FBB67BB6F5B
:105EC000002B01D1202303E0BB6FB3FA83F3DBB2D5
:105ED0001A463B681B68C3F31203002B05D13B68CD
:105EE0001B689B0E03F01F0311E03B681B68BB6639
:105EF000BB6E93FAA3F37B667B6EFB66FB6E002B97
:105F000001D1202303E0FB6EB3FA83F3DBB29A42A4
:105F100006D17B681B68002203211846FFF7E8F8CA
:105F20007B681B681846FFF759FA0346002B40F0C0
:105F30003D817B6818683B6819683B68DB681A46D6
:105F4000FFF7A4F93B68DB68A24A934240F02E8138
:105F50007B6818683B681B68C3F31203002B0BD1E6
:105F60003B681B689B0E013303F01F03092B94BF92
:105F700001230023DBB219E03B681B68FB65FB6D66
:105F800093FAA3F3BB65BB6D3B663B6E002B01D15F
:105F9000202303E03B6EB3FA83F3DBB2013303F05B
:105FA0001F03092B94BF01230023DBB2002B79D000
:105FB0003B681B68C3F31203002B07D13B681B68C7
:105FC0009B0E01339B0603F0F84215E03B681B680B
:105FD0003B653B6D93FAA3F3FB64FB6C7B657B6DC8
:105FE000002B01D1202303E07B6DB3FA83F3DBB2F6
:105FF00001339B0603F0F8423B681B68C3F31203AE
:10600000002B09D13B681B689B0E013303F01F0373
:10601000012101FA03F317E03B681B687B647B6C8A
:1060200093FAA3F33B643B6CBB64BB6C002B01D1C4
:10603000202303E0BB6CB3FA83F3DBB2013303F03C
:106040001F03012101FA03F342EA03013B681B68C5
:10605000C3F31203002B0AD13B681B689B0E01336C
:1060600003F01F0213465B0013441B0518E03B6856
:106070001B68BB63BB6B93FAA3F37B637B6BFB6314
:10608000FB6B002B01D1202303E0FB6BB3FA83F3FE
:10609000DBB2013303F01F0213465B0013441B0500
:1060A0000B437EE03B681B68C3F31203002B07D150
:1060B0003B681B689B0E01339B0603F0F84215E01A
:1060C0003B681B68FB62FB6A93FAA3F3BB62BB6A83
:1060D0003B633B6B002B01D1202303E03B6BB3FA06
:1060E00083F3DBB201339B0603F0F8423B681B6885
:1060F000C3F31203002B09D13B681B689B0E0133CD
:1061000003F01F03012101FA03F317E03B681B684A
:106110003B623B6A93FAA3F3FB61FB697B627B6A98
:10612000002B01D1202303E07B6AB3FA83F3DBB2B7
:10613000013303F01F03012101FA03F342EA0301D3
:106140003B681B68C3F31203002B0DD13B681B682F
:106150009B0E013303F01F0213465B0013441E3BEA
:106160001B0543F000731BE03B681B687B617B6988
:1061700093FAA3F33B613B69BB61BB69002B01D17F
:10618000202303E0BB69B3FA83F3DBB2013303F0EE
:106190001F0213465B0013441E3B1B0543F00073B4
:1061A0000B433A6892681946FFF745F83B681A684E
:1061B000094B1340002B00F0BE807B681B68B3F1D5
:1061C000A04F04D07B681B68044A93420AD1044B59
:1061D00009E000BF00007F4000000880000100507F
:1061E00000030050594B1846FEF73AFFC7F8C400A9
:1061F0003B681B68564A934204D03B681B68554A6B
:1062000093423AD1D7F8C43003F40003002B34D1C1
:106210007B681B68B3F1A04F05D07B681B684E4AB2
:10622000934240F085807B681B68B3F1A04F04D097
:106230007B681B68494A934201D1494A00E0434ABE
:10624000D7F8C43043F4000319461046FEF7F5FEB4
:10625000444B1B689B09444AA2FB03239B095A1C1D
:1062600013465B0013449B00FB6002E0FB68013BAC
:10627000FB60FB68002BF9D15AE03B681B683B4A86
:10628000934225D1D7F8C43003F08073002B1FD17F
:106290007B681B68314A934204D17B681B68344A8F
:1062A000934247D07B681B68B3F1A04F04D07B6852
:1062B0001B682A4A934201D1294A00E0234AD7F8B1
:1062C000C43043F0807319461046FEF7B6FE31E045
:1062D0003B681B68274A93422DD1D7F8C43003F49A
:1062E0008003002B27D17B681B681C4A934222D075
:1062F0007B681B68B3F1A04F04D07B681B68174A0A
:10630000934201D1164A00E0104AD7F8C43043F452
:10631000800319461046FEF790FE0CE07B68DB6DAB
:1063200043F020027B68DA65012387F8D73002E06A
:1063300000BF00E000BF7B68002283F8582097F878
:10634000D7301846D837BD4680BD00BF0007005083
:10635000000021C31000C090000600500001005052
:1063600000030050B8040020632D3E05000052C712
:1063700000050050000084CB80B588B000AF786085
:1063800039600023FB613B68BB617B681B68184672
:10639000FFF772F838617B681B681846FFF793F8BF
:1063A000F8603B69002B03D1FB68002B00F098805C
:1063B0007B681B68DB6803F00073002B2AD07B68C6
:1063C0005B7F012B26D17B681B7F012B22D1012310
:1063D000BB6114E0FB69454A93420DD97B68DB6DD4
:1063E00043F010027B68DA657B681B6E43F00102A4
:1063F0007B681A66012374E0FB690133FB617B68EB
:106400001B681B6803F04003402BE3D17B681B68CB
:1064100040221A60BB69022B14D07B681B681846A7
:10642000FFF72AF80346002B0CD07B681B68184640
:10643000FEF7E7FF0346002B04D17B681B68184674
:10644000FFF706F8BB69012B14D07B681B68184660
:10645000FFF739F80346002B0CD07B681B68184601
:10646000FEF7CFFF0346002B04D17B681B6818465C
:10647000FFF715F8BB69022B05D0BB69032B05D1CB
:106480000C237B6105E008237B6102E004237B6130
:1064900000BF00F0D7FBB8601BE000F0D3FB024662
:1064A000BB68D31A052B14D97B681B689A687B6973
:1064B0001340002B0DD07B68DB6D43F010027B682E
:1064C000DA657B681B6E43F001027B681A66012364
:1064D00007E07B681B689A687B691340002BDCD15E
:1064E000002318462037BD4680BD00BFFFFF3FA3F5
:1064F00080B584B000AF78600023BB607B681B6808
:106500001846FEF76BFF0346002B76D17B681B68AD
:106510009A683C4B1340002B0DD07B68DB6D43F039
:1065200010027B68DA657B681B6E43F001027B68B2
:106530001A66012362E07B681B681846FEF726FF97
:106540007B681B68B3F1A04F04D07B681B682E4AA0
:10655000934201D12D4B00E02D4B1846FEF780FDF4
:10656000034603F40003002B13D02A4B1B689B093E
:10657000294AA2FB03239B095A1C13465B001344C0
:106580009B00BB6002E0BB68013BBB60BB68002BAB
:10659000F9D100F057FBF86028E07B681B681846CB
:1065A000FEF71CFF0346002B04D17B681B681846CE
:1065B000FEF7ECFE00F046FB0246FB68D31A022B06
:1065C00014D97B681B681B6803F00103012B0DD0F5
:1065D0007B68DB6D43F010027B68DA657B681B6EBD
:1065E00043F001027B681A66012307E07B681B68A1
:1065F0001B6803F00103012BCFD10023184610378D
:10660000BD4680BD3F0000800001005000030050E7
:1066100000070050B8040020632D3E0580B584B00B
:1066200000AF78607B681B681846FEF7EAFEF860EA
:106630007B681B681846FEF7D1FE0346002B47D047
:10664000FB68002B44D17B681B689B6803F00D033B
:10665000012B0CD17B681B681846FEF7ABFE7B68EC
:106660001B6803221A6000F0EDFAB86029E07B682D
:10667000DB6D43F010027B68DA657B681B6E43F0CC
:1066800001027B681A66012323E000F0DBFA024670
:10669000BB68D31A022B14D97B681B689B6803F074
:1066A0000103002B0DD07B68DB6D43F010027B688B
:1066B000DA657B681B6E43F001027B681A66012372
:1066C00007E07B681B689B6803F00103002BDCD1AB
:1066D000002318461037BD4680BD80B584B000AF9A
:1066E00078607B689B6AFB60FB68DB6D03F050039E
:1066F000002B4BD1FB68DB6D43F40072FB68DA655D
:10670000FB681B681B6803F00803002B21D0FB68A3
:106710001B681846FEF750FD0346002B32D0FB687D
:106720001B68DB6803F40053002B2BD1FB68DB6D87
:1067300023F48072FB68DA65FB68DB6D03F4805339
:10674000002B1FD1FB68DB6D43F00102FB68DA65AB
:1067500018E0FB681B68DB6803F00203002B11D113
:10676000FB68DB6D23F48072FB68DA65FB68DB6D28
:1067700003F48053002B05D1FB68DB6D43F001026D
:10678000FB68DA65F868FDF7DEFA0EE0FB68DB6DA2
:1067900003F01003002B03D0F868FFF7A2F904E020
:1067A000FB685B6D5B6B7868984700BF1037BD4630
:1067B00080BD80B584B000AF78607B689B6AFB6069
:1067C000F868FFF784F900BF1037BD4680BD80B57B
:1067D00084B000AF78607B689B6AFB60FB68DB6D10
:1067E00043F04002FB68DA65FB681B6E43F004026D
:1067F000FB681A66F868FFF774F900BF1037BD46EA
:1068000080BD80B483B000AF78607B689B6803F084
:106810000103012B01D1012300E0002318460C37AE
:10682000BD465DF8047B704780B483B000AF7860EC
:1068300039607B689B6823F0404323F03F033A684C
:1068400002F08042134343F000427B689A6000BF2D
:106850000C37BD465DF8047B704780B483B000AF51
:1068600078607B689B6803F00043B3F1004F01D16F
:10687000012300E0002318460C37BD465DF8047B79
:10688000704780B483B000AF78607B689B6803F08A
:106890000403042B01D1012300E0002318460C3728
:1068A000BD465DF8047B704780B584B000AF78606A
:1068B00039600023BB607B6893F85830012B01D10D
:1068C00002234DE07B68012283F858207868FFF7A7
:1068D000A5FE0346FB73FB7B002B36D17B68DB6D8B
:1068E00023F4885323F0020343F002027B68DA6545
:1068F0007B681B6839681846FFF796FF14E0BB6891
:106900000133BB60BB68184A93420DD97B68DB6DCD
:1069100023F0120343F010027B68DA657B680022E3
:1069200083F8582001231BE07B681B681846FFF79B
:1069300094FF0346002BE2D17B68DB6D23F0030359
:1069400043F001027B68DA6505E07B68DB6D43F0AC
:1069500010027B68DA657B68002283F85820FB7B95
:1069600018461037BD4680BD01DE040090B5A1B0C9
:1069700000AF78603960002387F87F307B6893F838
:106980005830012B01D10223E7E07B68012283F814
:10699000582000237B660023BB667B681B68B3F12D
:1069A000A04F02D16F4BBB6009E07B681B686E4A49
:1069B000934202D16D4BBB6001E00023BB60BB681A
:1069C000002B0BD17B68DB6D43F020027B68DA651E
:1069D0007B68002283F858200123BEE0BB6818467C
:1069E000FFF74FFFB8677B681B681846FFF749FF42
:1069F0000346002B40F0A080BB6F002B40F09C8032
:106A00007B681B68B3F1A04F04D07B681B68554AB4
:106A1000934201D1564B00E0564B7B673B681B68A5
:106A2000002B4BD07B6F9B6823F460423B68596816
:106A30007B6893F838305B030B431A437B6F9A6093
:106A40007B681B68B3F1A04F04D07B681B68454A84
:106A500093420FD14FF0A040FFF7D3FE04464148C8
:106A6000FFF7CFFE03462343002B0CBF0123002377
:106A7000DBB212E03C48FFF7C4FE04463B48FFF798
:106A8000C0FE03461C433C48FFF7BBFE03462343BE
:106A9000002B0CBF01230023DBB2002B56D07B6FF1
:106AA0009B6823F4716323F00F033A6811683A6816
:106AB00092680A431A437B6F9A6047E07B6F9B683A
:106AC00023F460427B6F9A607B681B68B3F1A04F30
:106AD00004D07B681B68234A93420FD14FF0A0403B
:106AE000FFF78FFE04461F48FFF78BFE0346234344
:106AF000002B0CBF01230023DBB212E01A48FFF782
:106B000080FE04461948FFF77CFE03461C431A48E2
:106B1000FFF777FE03462343002B0CBF012300231E
:106B2000DBB2002B12D07B6F9B6823F4716323F0E0
:106B30000F037A6F936009E07B68DB6D43F02002FE
:106B40007B68DA65012387F87F3000E000BF7B684F
:106B5000002283F8582097F87F3018468437BD46C6
:106B600090BD00BF0001005000040050000500501F
:106B700000030050000700500006005080B582B0AE
:106B800000AF0023FB71032001F0C6FE0F2000F0D0
:106B90000DF80346002B02D00123FB7101E0FEF744
:106BA00011FAFB7918460837BD4680BD80B584B020
:106BB00000AF78600023FB73164B1B68002B22D0BC
:106BC000154B1A68134B1B684FF47A71B1FBF3F342
:106BD000B2FBF3F3184601F0D2FE0346002B0FD1AF
:106BE0007B680F2B09D8002279684FF0FF3001F045
:106BF0009EFE0A4A7B68136007E00123FB7304E0F2
:106C00000123FB7301E00123FB73FB7B1846103764
:106C1000BD4680BDB4040020B8040020B0040020AC
:106C200080B400AF054B1A68054B1B681344034A38
:106C3000136000BFBD465DF8047B70473C500020E8
:106C4000B404002080B400AF034B1B681846BD4657
:106C50005DF8047B704700BF3C50002080B584B0D5
:106C600000AF7860FFF7EEFFB8607B68FB60FB6801
:106C7000B3F1FF3F04D0094B1B68FA681344FB6073
:106C800000BFFFF7DFFF0246BB68D31AFA689A42DB
:106C9000F7D800BF00BF1037BD4680BDB404002048
:106CA00080B400AF054B1B68044A23F00203136055
:106CB00000BFBD465DF8047B704700BF10E000E0F8
:106CC00080B400AF054B1B68044A43F00203136015
:106CD00000BFBD465DF8047B704700BF10E000E0D8
:106CE00080B400AF054B5B68044A43F00103536076
:106CF00000BFBD465DF8047B704700BF002004E084
:106D000080B400AF054B5B68044A43F00203536054
:106D100000BFBD465DF8047B704700BF002004E063
:106D200080B483B000AF7860064B1B6823F002028A
:106D300004497B6813430B6000BF0C37BD465DF808
:106D4000047B70473000014080B400AF054B1B68E6
:106D5000044A23F00103136000BFBD465DF8047BC5
:106D6000704700BF3000014080B588B000AF786048
:106D70007B68002B01D10123FEE27B681B6803F0D6
:106D80000103002B75D0974B9B6803F00C03BB618C
:106D9000944BDB6803F003037B61BB690C2B02D1CE
:106DA0007B69032B02D0BB69082B0BD18D4B1B6871
:106DB00003F40033002B5BD07B685B68002B57D15A
:106DC0000123D9E27B685B68B3F5803F06D1854B30
:106DD0001B68844A43F4803313601DE07B685B6862
:106DE000B3F5A02F0CD17F4B1B687E4A43F4802360
:106DF00013607C4B1B687B4A43F4803313600BE0C9
:106E0000784B1B68774A23F480331360754B1B68FB
:106E1000744A23F4802313607B685B68002B13D0D3
:106E2000FFF710FF386108E0FFF70CFF02463B69EF
:106E3000D31A642B01D903239EE26A4B1B6803F427
:106E40000033002BF0D014E0FFF7FCFE386108E0BF
:106E5000FFF7F8FE02463B69D31A642B01D90323DE
:106E60008AE2604B1B6803F40033002BF0D100E092
:106E700000BF7B681B6803F00203002B75D0594BE1
:106E80009B6803F00C03BB61564BDB6803F0030304
:106E90007B61BB690C2B02D17B69022B02D0BB69E1
:106EA000042B1FD14F4B1B6803F48063002B05D0CC
:106EB0007B68DB68002B01D101235DE2494B5B68F5
:106EC00023F0FE427B681B691B06464913434B6057
:106ED000454B1B681846FFF769FE0346002B43D05D
:106EE000012349E27B68DB68002B23D03D4B1B6804
:106EF0003C4A43F480731360FFF7A4FE386108E056
:106F0000FFF7A0FE02463B69D31A022B01D90323E7
:106F100032E2344B1B6803F48063002BF0D0314B1A
:106F20005B6823F0FE427B681B691B062D491343F7
:106F30004B601AE02B4B1B682A4A23F480731360C2
:106F4000FFF780FE386108E0FFF77CFE02463B69F0
:106F5000D31A022B01D903230EE2224B1B6803F440
:106F60008063002BF0D100E000BF7B681B6803F05A
:106F70000803002B41D07B685B69002B1CD0194BA8
:106F8000D3F89430174A43F00103C2F89430FFF766
:106F900059FE386108E0FFF755FE02463B69D31AF7
:106FA000022B01D90323E7E10E4BD3F8943003F011
:106FB0000203002BEFD020E00A4BD3F89430094AAB
:106FC00023F00103C2F89430FFF73CFE38610DE076
:106FD000FFF738FE02463B69D31A022B06D903237A
:106FE000CAE100BF00100240B00400208C4BD3F86F
:106FF000943003F00203002BEAD17B681B6803F096
:107000000403002B00F0A6800023FB77844B9B6DCC
:1070100003F08053002B01D1012300E00023002B5B
:107020000DD07F4B9B6D7E4A43F0805393657C4B24
:107030009B6D03F08053FB60FB680123FB77794B6A
:107040001B6803F48073002B18D1764B1B68754ABC
:1070500043F480731360FFF7F5FD386108E0FFF734
:10706000F1FD02463B69D31A022B01D9032383E1C8
:107070006C4B1B6803F48073002BF0D07B689B681B
:10708000012B08D1664BD3F89030654A43F00103D9
:10709000C2F8903024E07B689B68052B10D1604BD0
:1070A000D3F890305E4A43F00403C2F890305C4B52
:1070B000D3F890305A4A43F00103C2F890300FE001
:1070C000574BD3F89030564A23F00103C2F8903062
:1070D000534BD3F89030524A23F00403C2F8903057
:1070E0007B689B68002B16D0FFF7ACFD38610AE087
:1070F000FFF7A8FD02463B69D31A41F2883293425A
:1071000001D9032338E1464BD3F8903003F0020352
:10711000002BEDD015E0FFF795FD38610AE0FFF791
:1071200091FD02463B69D31A41F28832934201D95C
:10713000032321E13A4BD3F8903003F00203002BF4
:10714000EDD1FB7F012B05D1354B9B6D344A23F0EC
:10715000805393657B681B6803F02003002B3CD0B1
:107160007B689B69002B1CD02D4BD3F898302C4AA0
:1071700043F00103C2F89830FFF764FD386108E07E
:10718000FFF760FD02463B69D31A022B01D90323A6
:10719000F2E0234BD3F8983003F00203002BEFD03A
:1071A0001BE01F4BD3F898301D4A23F00103C2F8AF
:1071B0009830FFF747FD386108E0FFF743FD0246CE
:1071C0003B69D31A022B01D90323D5E0144BD3F822
:1071D000983003F00203002BEFD17B68DB69002BB2
:1071E00000F0C9800E4B9B6803F00C030C2B00F0E1
:1071F00083807B68DB69022B5ED1094B1B68084AE0
:1072000023F080731360FFF71DFD38610CE0FFF77A
:1072100019FD02463B69D31A022B05D90323ABE0C3
:107220000010024000700040554B1B6803F00073D3
:10723000002BECD1524BDA68524B13407A68116A3A
:107240007A68526A013A120111437A68926A12020C
:1072500011437A68126B5208013A520511437A6859
:10726000526B5208013A520611437A68D26AD2062A
:107270000A4343491343CB60414B1B68404A43F0E8
:10728000807313603E4BDB683D4A43F08073D360EC
:10729000FFF7D8FC386108E0FFF7D4FC02463B69F1
:1072A000D31A022B01D9032366E0354B1B6803F088
:1072B0000073002BF0D05EE0314B1B68304A23F0A6
:1072C00080731360FFF7BEFC386108E0FFF7BAFC7B
:1072D00002463B69D31A022B01D903234CE0284B09
:1072E0001B6803F00073002BF0D1254BDA682449AA
:1072F000254B1340CB603EE07B68DB69012B01D15D
:10730000012339E01E4BDB687B617B6903F00302DC
:107310007B681B6A9A422CD17B6903F0F0027B6880
:107320005B6A013B1B019A4223D17B6903F4FE4255
:107330007B689B6A1B029A421BD17B6903F07842EF
:107340007B68DB6ADB069A4213D17B6903F4C002D7
:107350007B681B6B5B08013B5B059A4209D17B692B
:1073600003F0C0627B685B6B5B08013B5B069A4283
:1073700001D0012300E0002318462037BD4680BD20
:10738000001002400C809F01FCFFEEFE80B586B02D
:1073900000AF7860396000237B617B68002B01D1EE
:1073A00001231EE1914B1B6803F00F033A689A42D8
:1073B00010D98E4B1B6823F00F028C493B68134396
:1073C0000B608A4B1B6803F00F033A689A4201D0A6
:1073D000012306E17B681B6803F00103002B73D0D7
:1073E0007B685B68032B29D1814B1B6803F000731A
:1073F000002B01D10123F4E000F072F938613B6900
:107400007C4A93423FD97A4B9B6803F0F003002BF0
:1074100009D07B681B6803F00203002B33D07B6824
:107420009B68002B2FD1724B9B6823F0F003704AAE
:1074300043F08003936080237B6124E07B685B687A
:10744000022B07D16A4B1B6803F40033002B09D1D0
:107450000123C6E0664B1B6803F48063002B01D157
:107460000123BEE000F0CEF838613B69614A9342E7
:1074700009D95F4B9B6823F0F0035D4A43F080031A
:10748000936080237B615A4B9B6823F003027B68E7
:107490005B68574913438B60FFF7D4FBF8600AE041
:1074A000FFF7D0FB0246FB68D31A41F288329342C1
:1074B00001D9032395E04E4B9B6803F00C027B68D7
:1074C0005B689B009A42EBD17B681B6803F0020368
:1074D000002B23D07B681B6803F00403002B05D02E
:1074E000434B9B68424A43F4E06393607B681B68AC
:1074F00003F00803002B07D03D4B9B6823F47C531B
:107500003B4A43F4E0639360394B9B6823F0F002FD
:107510007B689B68364913438B6008E07B69802B4E
:1075200005D1334B9B68324A23F0F00393602F4B15
:107530001B6803F00F033A689A421DD22B4B1B685D
:1075400023F00F0229493B6813430B60FFF77AFBD6
:10755000F8600AE0FFF776FB0246FB68D31A41F2B7
:107560008832934201D903233BE0204B1B6803F090
:107570000F033A689A42EDD17B681B6803F004035D
:10758000002B08D01A4B9B6823F4E0627B68DB6811
:10759000174913438B607B681B6803F00803002BBB
:1075A00009D0134B9B6823F460527B681B69DB0096
:1075B0000F4913438B6000F025F802460C4B9B6883
:1075C0001B0903F00F030C49CB5C03F01F0322FAE5
:1075D00003F30A4A13600A4B1B681846FFF7E6FAE2
:1075E000034618461837BD4680BD00BF0020024044
:1075F0000010024000B4C404E4F10008B804002004
:10760000B004002080B487B000AF2C4B9B6803F01F
:107610000C03042B02D12A4B3B6147E0274B9B68AC
:1076200003F00C03082B02D1264B3B613EE0234BB9
:107630009B6803F00C030C2B36D1204BDB6803F066
:107640000303FB601D4BDB681B0903F00F030133D1
:10765000BB60FB68032B0CD11A4ABB68B2FBF3F387
:10766000164AD268120A02F07F0202FB03F37B6122
:107670000CE0134ABB68B2FBF3F3104AD268120A5B
:1076800002F07F0202FB03F37B6100BF0B4BDB6860
:107690005B0E03F0030301335B007B607A697B6858
:1076A000B2FBF3F33B6101E000233B613B69184609
:1076B0001C37BD465DF8047B704700BF00100240D8
:1076C0000024F40000127A0080B400AF034B1B6862
:1076D0001846BD465DF8047B704700BFB804002023
:1076E00080B487B000AF1E4BDB6803F003033B613F
:1076F0001B4BDB681B0903F00F030133FB603B6985
:10770000032B0CD1174AFB68B2FBF3F3144AD2687F
:10771000120A02F07F0202FB03F37B610CE0124AC3
:10772000FB68B2FBF3F30E4AD268120A02F07F0242
:1077300002FB03F37B6100BF094BDB685B0E03F0C8
:10774000030301335B00BB607A69BB68B2FBF3F3F0
:107750007B607B6818461C37BD465DF8047B70472C
:107760000010024000127A000024F40080B586B0B8
:1077700000AF78600023FB740023BB747B681B6838
:1077800003F40023002B00F0988000237B74434B0C
:107790009B6D03F08053002B0DD1404B9B6D3F4AF6
:1077A00043F0805393653D4B9B6D03F08053BB606A
:1077B000BB6801237B743A4B1B68394A43F48073DE
:1077C0001360FFF73FFAF86009E0FFF73BFA024663
:1077D000FB68D31A022B02D90323FB7405E0304B5C
:1077E0001B6803F48073002BEFD0FB7C002B59D176
:1077F0002A4BD3F8903003F440737B617B69002BF4
:107800001ED07B681B6D7A699A4219D0234BD3F83E
:10781000903023F440737B61204BD3F890301F4AA3
:1078200043F48033C2F890301C4BD3F890301B4A9D
:1078300023F48033C2F89030184A7B69C2F8903044
:107840007B6903F00103002B16D0FFF7FBF9F8600A
:107850000BE0FFF7F7F90246FB68D31A41F28832D2
:10786000934202D90323FB7406E00C4BD3F890300B
:1078700003F00203002BECD0FB7C002B0BD1074B59
:10788000D3F8903023F440727B681B6D0349134397
:10789000C1F8903008E0FB7CBB7405E000100240AA
:1078A00000700040FB7CBB747B7C012B05D1A74B97
:1078B0009B6DA64A23F0805393657B681B6803F099
:1078C0000103002B0AD0A14BD3F8883023F0030228
:1078D0007B685B689D491343C1F888307B681B68EF
:1078E00003F00203002B0AD0984BD3F8883023F022
:1078F0000C027B689B6895491343C1F888307B680C
:107900001B6803F00403002B0AD0904BD3F8883097
:1079100023F030027B68DB688C491343C1F8883060
:107920007B681B6803F00803002B0AD0874BD3F851
:10793000883023F0C0027B681B6984491343C1F877
:1079400088307B681B6803F01003002B0AD07F4B44
:10795000D3F8883023F440727B685B697B4913431A
:10796000C1F888307B681B6803F02003002B0AD025
:10797000764BD3F8883023F440627B689B69734967
:107980001343C1F888307B681B6803F04003002B69
:107990000AD06E4BD3F8883023F440527B68DB6901
:1079A0006A491343C1F888307B681B6803F0800381
:1079B000002B0AD0654BD3F8883023F440427B6813
:1079C0001B6A62491343C1F888307B681B6803F463
:1079D0008073002B0AD05D4BD3F8883023F44032FB
:1079E0007B685B6A59491343C1F888307B681B6820
:1079F00003F40033002B0AD0544BD3F89C3023F00F
:107A000003027B689B6A51491343C1F89C307B6831
:107A10001B6803F40073002B0AD04C4BD3F888305A
:107A200023F440227B68DB6A48491343C1F888305D
:107A30007B681B6803F48063002B15D0434BD3F89D
:107A4000883023F440127B681B6B40491343C1F814
:107A500088307B681B6BB3F5801F05D13B4BDB681F
:107A60003A4A43F48013D3607B681B6803F40063D5
:107A7000002B15D0354BD3F8883023F440027B68B7
:107A80005B6B32491343C1F888307B685B6BB3F59D
:107A9000800F05D12D4BDB682C4A43F48013D36053
:107AA0007B681B6803F48053002B15D0274BD3F859
:107AB000883023F040727B689B6B24491343C1F8E4
:107AC00088307B689B6BB3F1807F05D11F4BDB68EF
:107AD0001E4A43F48013D3607B681B6803F4005391
:107AE000002B15D0194BD3F8883023F040627B6807
:107AF000DB6B16491343C1F888307B68DB6BB3F14D
:107B0000006F05D1114BDB68104A43F48013D3603A
:107B10007B681B6803F48043002B19D00B4BD3F810
:107B2000883023F040627B681B6C08491343C1F81E
:107B300088307B681B6CB3F1006F09D1034BDB68A5
:107B4000024A43F48013D36002E000BF00100240F9
:107B50007B681B6803F40043002B15D0294BD3F836
:107B6000883023F040527B685B6C26491343C1F890
:107B700088307B685B6CB3F1805F05D1214BDB689B
:107B8000204A43F48033D3607B681B6803F480335E
:107B9000002B15D01B4BD3F8883023F040427B6874
:107BA0009B6C18491343C1F888307B689B6CB3F118
:107BB000804F05D1134BDB68124A43F48033D36006
:107BC0007B681B6803F48023002B15D00D4BD3F882
:107BD0009C3023F440127B68DB6C0A491343C1F8E4
:107BE0009C307B68DB6CB3F5001F05D1054BDB686F
:107BF000044A43F48013D360BB7C18461837BD4653
:107C000080BD00BF0010024080B487B000AF786034
:107C1000396000237B615AE13B681A6801217B6966
:107C200001FA03F31340FB60FB68002B00F04C816A
:107C30003B685B6803F00303012B05D03B685B687E
:107C400003F00303022B30D17B689B683B617B69A7
:107C50005B00032202FA03F3DB433A6913403B6102
:107C60003B68DA687B695B0002FA03F33A69134305
:107C70003B617B683A699A607B685B683B61012283
:107C80007B6902FA03F3DB433A6913403B613B68CB
:107C90005B681B0903F001027B6902FA03F33A698E
:107CA00013433B617B683A695A603B685B6803F049
:107CB0000303032B17D07B68DB683B617B695B00A8
:107CC000032202FA03F3DB433A6913403B613B684A
:107CD0009A687B695B0002FA03F33A6913433B61DC
:107CE0007B683A69DA603B685B6803F00303022B48
:107CF00023D17B69DA087B68083253F822303B6174
:107D00007B6903F007039B000F2202FA03F3DB43B6
:107D10003A6913403B613B681A697B6903F00703CA
:107D20009B0002FA03F33A6913433B617B69DA086B
:107D30007B680832396943F822107B681B683B6115
:107D40007B695B00032202FA03F3DB433A691340C9
:107D50003B613B685B6803F003027B695B0002FAEE
:107D600003F33A6913433B617B683A691A603B68E5
:107D70005B6803F44033002B00F0A6805B4B1B6E66
:107D80005A4A43F001031366584B1B6E03F001037C
:107D9000BB60BB68564A7B699B08023352F82330AC
:107DA0003B617B6903F003039B000F2202FA03F39C
:107DB000DB433A6913403B617B68B3F1904F1FD0BE
:107DC0007B684C4A934219D07B684B4A934213D04C
:107DD0007B684A4A93420DD07B68494A934207D058
:107DE0007B68484A934201D105230AE0062308E054
:107DF000042306E0032304E0022302E0012300E061
:107E000000237A6902F00302920093403A69134317
:107E10003B6137497B699B0802333A6941F823206B
:107E2000394B9B683B61FB68DB433A6913403B611C
:107E30003B685B6803F48013002B03D03A69FB684E
:107E400013433B61304A3B6993602F4BDB683B61D6
:107E5000FB68DB433A6913403B613B685B6803F4B2
:107E60000013002B03D03A69FB6813433B61264A99
:107E70003B69D360244B5B683B61FB68DB433A6939
:107E800013403B613B685B6803F40033002B03D075
:107E90003A69FB6813433B611B4A3B6953601A4BC9
:107EA0001B683B61FB68DB433A6913403B613B68FD
:107EB0005B6803F48033002B03D03A69FB681343FB
:107EC0003B61114A3B6913607B6901337B613B680D
:107ED0001A687B6922FA03F3002B7FF49DAE00BF82
:107EE00000BF1C37BD465DF8047B704700100240A0
:107EF000000001400004004800080048000C004851
:107F000000100048001400480004014080B485B00F
:107F100000AF78600B467B807B681A697B881340D2
:107F2000002B02D00123FB7301E00023FB73FB7BDA
:107F300018461437BD465DF8047B704780B483B0A3
:107F400000AF78600B467B8013467B707B78002BFC
:107F500003D07A887B689A6102E07A887B689A62AB
:107F600000BF0C37BD465DF8047B704780B582B01A
:107F700000AF0346FB80084B5A69FB881340002B77
:107F800006D0054AFB885361FB881846FBF70BFFB8
:107F900000BF0837BD4680BD0004014080B584B0F5
:107FA00000AF78607B68002B01D101238DE07B68F6
:107FB0001B681A46474B9A420FD87B681B681A46C3
:107FC000454B1344454AA2FB03231B099A007B68D7
:107FD0005A647B68424A1A640EE07B681B681A4642
:107FE000404B13443D4AA2FB03231B099A007B68C4
:107FF0005A647B683C4A1A647B68022283F8252015
:108000007B681B681B68FB60FB6823F4FF4323F05D
:108010007003FB607B689A687B68DB681A437B6847
:108020001B691A437B685B691A437B689B691A4327
:108030007B68DB691A437B681B6A1343FA68134346
:10804000FB607B681B68FA681A60786800F010FAB9
:108050007B689B68B3F5804F02D17B6800225A6031
:108060007B685A687B689B6CD2B21A607B68DB6C59
:108070007A68126D5A607B685B68002B10D07B6851
:108080005B68042B0CD8786800F030FA7B685B6D75
:1080900000221A607B689B6D7A68D26D5A6008E096
:1080A0007B6800225A657B6800229A657B68002203
:1080B000DA657B680022DA637B68012283F8252079
:1080C0007B68002283F82420002318461037BD4621
:1080D00080BD00BF07040240F8FFFDBFCDCCCCCC73
:1080E00000000240F8FBFDBF0004024080B586B0EE
:1080F00000AFF860B9607A603B600023FB75FB68F5
:1081000093F82430012B01D1022366E0FB680122A1
:1081100083F82420FB6893F82530DBB2012B55D17E
:10812000FB68022283F82520FB680022DA63FB68E3
:108130001B681A68FB681B6822F001021A603B6822
:108140007A68B968F86800F054F9FB681B6B002B7B
:1081500008D0FB681B681A68FB681B6842F00E02B7
:108160001A600FE0FB681B681A68FB681B6822F046
:1081700004021A60FB681B681A68FB681B6842F0FF
:108180000A021A60FB689B6C1B6803F48033002BA7
:1081900007D0FB689B6C1A68FB689B6C42F480728A
:1081A0001A60FB685B6D002B07D0FB685B6D1A687B
:1081B000FB685B6D42F480721A60FB681B681A688A
:1081C000FB681B6842F001021A6005E0FB680022B0
:1081D00083F824200223FB75FB7D18461837BD4623
:1081E00080BD80B485B000AF78600023FB737B68EE
:1081F00093F82530DBB2022B05D07B680422DA63CA
:108200000123FB7337E07B681B681A687B681B6877
:1082100022F00E021A607B689B6C1A687B689B6C6C
:1082200022F480721A607B681B681A687B681B687E
:1082300022F001021A607B685B6C03F01F027B680E
:108240001B6C012101FA02F25A607B68DB6C7A68D0
:10825000126D5A607B685B6D002B0CD07B685B6D88
:108260001A687B685B6D22F480721A607B689B6D74
:108270007A68D26D5A607B68012283F825207B687A
:10828000002283F82420FB7B18461437BD465DF896
:10829000047B704780B584B000AF78607B681B6C4E
:1082A0001B68FB607B681B681B68BB607B685B6C42
:1082B00003F01F0304229A40FB681340002B26D0D2
:1082C000BB6803F00403002B21D07B681B681B688C
:1082D00003F02003002B07D17B681B681A687B68BA
:1082E0001B6822F004021A607B685B6C03F01F02BB
:1082F0007B681B6C042101FA02F25A607B681B6BDD
:10830000002B71D07B681B6B786898476CE07B68AA
:108310005B6C03F01F0302229A40FB681340002BA2
:108320002ED0BB6803F00203002B29D07B681B68AA
:108330001B6803F02003002B0BD17B681B681A68B5
:108340007B681B6822F00A021A607B68012283F8AE
:1083500025207B685B6C03F01F027B681B6C02218D
:1083600001FA02F25A607B68002283F824207B68BD
:10837000DB6A002B38D07B68DB6A7868984733E08B
:108380007B685B6C03F01F0308229A40FB68134074
:10839000002B2AD0BB6803F00803002B25D07B6894
:1083A0001B681A687B681B6822F00E021A607B68E3
:1083B0005B6C03F01F027B681B6C012101FA02F267
:1083C0005A607B680122DA637B68012283F82520EA
:1083D0007B68002283F824207B685B6B002B04D031
:1083E0007B685B6B7868984700BF00BF1037BD465D
:1083F00080BD80B485B000AFF860B9607A603B6042
:10840000FB68DB6CFA68126D5A60FB685B6D002BD1
:1084100004D0FB689B6DFA68D26D5A60FB685B6C98
:1084200003F01F02FB681B6C012101FA02F25A6083
:10843000FB681B683A685A60FB689B68102B08D180
:10844000FB681B687A689A60FB681B68BA68DA6028
:1084500007E0FB681B68BA689A60FB681B687A686B
:10846000DA6000BF1437BD465DF8047B704700003A
:1084700080B487B000AF78607B681B681A46164BE3
:108480009A4202D8154B7B6101E0154B7B617B69F9
:108490003B617B681B68DBB2083B124AA2FB0323EB
:1084A0001B09FB607B685B6C9B089A003B6913446B
:1084B0001A467B689A647B680B4ADA64FB6803F0AF
:1084C0001F0301229A407B681A6500BF1C37BD4616
:1084D0005DF8047B704700BF0704024000080240BB
:1084E00020080240CDCCCCCC8008024080B485B0BE
:1084F00000AF78607B685B68DBB2FB60FA680B4BAF
:1085000013449B001A467B685A657B68084A9A6543
:10851000FB68013B03F01F0301229A407B68DA6588
:1085200000BF1437BD465DF8047B70473F820010E2
:108530004009024080B582B000AF78600B46FB7006
:108540007B68B3F5804F04D1FB78184600F0D8F86B
:1085500003E0FB78184600F0A9F800BF0837BD46D5
:1085600080BD000080B485B000AF78607B68002BD0
:1085700041D14B4B1B6803F4C063B3F5806F31D11D
:10858000474BD3F88030464A23F48073C2F88030DA
:10859000434B1B6823F4C063414A43F400731360E8
:1085A000404B1B68322202FB03F33F4AA2FB03232A
:1085B0009B0C0133FB6002E0FB68013BFB60384B26
:1085C0005B6903F48063B3F5806F02D1FB68002B15
:1085D000F2D1334B5B6903F48063B3F5806F58D1FC
:1085E000032357E02E4BD3F880302D4A23F48073B9
:1085F000C2F880304DE07B68B3F5007F41D1284B55
:108600001B6803F4C063B3F5806F31D1244BD3F8FA
:108610008030234A43F48073C2F88030204B1B68BB
:1086200023F4C0631E4A43F4007313601D4B1B68A0
:10863000322202FB03F31C4AA2FB03239B0C0133EF
:10864000FB6002E0FB68013BFB60154B5B6903F4D8
:108650008063B3F5806F02D1FB68002BF2D1104B21
:108660005B6903F48063B3F5806F12D1032311E0DB
:108670000B4BD3F880300A4A43F48073C2F8803041
:1086800007E0074B1B6823F4C063054A43F480638B
:108690001360002318461437BD465DF8047B70470D
:1086A00000700040B804002083DE1B4380B483B018
:1086B00000AF0346FB71104B1B680F4A23F0070302
:1086C00013600E4B1B690D4A43F004031361FB79E1
:1086D000012B01D130BF02E040BF20BF20BF074BBC
:1086E0001B69064A23F00403136100BF0C37BD4623
:1086F0005DF8047B704700BF0070004000ED00E0B3
:1087000080B483B000AF0346FB71114B1B6823F0AC
:1087100007030F4A43F0010313600E4B1B690D4A18
:1087200043F004031361FB79012B01D130BF02E058
:1087300040BF20BF20BF074B1B69064A23F004033C
:10874000136100BF0C37BD465DF8047B704700BF66
:108750000070004000ED00E080B400AF054B9B6866
:10876000044A43F48043936000BFBD465DF8047B38
:10877000704700BF0070004080B485B000AF7860E3
:108780007B6803F00703FB600C4BDB68BB60BA68D7
:108790004FF6FF031340BB60FB681A02BB6813432C
:1087A00043F0BF6343F40033BB60044ABB68D3604B
:1087B00000BF1437BD465DF8047B704700ED00E054
:1087C00080B400AF044BDB681B0A03F007031846B4
:1087D000BD465DF8047B704700ED00E080B483B0D7
:1087E00000AF0346FB7197F90730002B0BDBFB79D9
:1087F00003F01F02074997F907305B09012000FACF
:1088000002F241F8232000BF0C37BD465DF8047B1F
:10881000704700BF00E100E080B483B000AF0346C2
:108820003960FB7197F90730002B0ADB3B68DAB23D
:108830000C4997F907301201D2B20B4483F8002398
:108840000AE03B68DAB20849FB7903F00F03043B06
:108850001201D2B20B441A7600BF0C37BD465DF848
:10886000047B704700E100E000ED00E080B489B0D7
:1088700000AFF860B9607A60FB6803F00703FB6142
:10888000FB69C3F10703042B28BF0423BB61FB6909
:108890000433062B02D9FB69033B00E000237B6114
:1088A0004FF0FF32BB6902FA03F3DA43BB681A40A8
:1088B0007B699A404FF0FF317B6901FA03F3D9439A
:1088C0007B680B40134318462437BD465DF8047B94
:1088D0007047000080B582B000AF78607B68013BD4
:1088E000B3F1807F01D301230FE00A4A7B68013B8B
:1088F00053600F214FF0FF30FFF78EFF054B002232
:108900009A60044B07221A60002318460837BD46B8
:1089100080BD00BF10E000E080B582B000AF78609D
:108920007868FFF729FF00BF0837BD4680BD80B5D6
:1089300086B000AF0346B9607A60FB73FFF740FF73
:1089400078617A68B9687869FFF790FF024697F90D
:108950000F3011461846FFF75FFF00BF1837BD46BE
:1089600080BD80B582B000AF0346FB7197F9073038
:108970001846FFF733FF00BF0837BD4680BD80B5FE
:1089800082B000AF78607868FFF7A4FF034618460E
:108990000837BD4680BD80B582B000AF78607B6887
:1089A000002B01D1012314E07B681B79DBB2002B83
:1089B00005D17B6800225A717868FBF799FD7B68C6
:1089C00002221A717B6800221A617B6801221A71E7
:1089D000002318460837BD4680BD80B584B000AF7F
:1089E00078607B681B681B68FB607B681B685B6B3F
:1089F000BB60FB6803F40053002B1DD0BB6803F47D
:108A00000053002B18D07B6804221A717B681B6905
:108A100043F001027B681A617B681B684FF40052C7
:108A20005A637B681B681A687B681B6822F4805253
:108A30001A60786800F027F8FB6803F00053002BF9
:108A40001DD0BB6803F00053002B18D07B680422B4
:108A50001A717B681B6943F002027B681A617B68AC
:108A60001B684FF000525A637B681B681A687B686A
:108A70001B6822F080521A60786800F0C9F900BFC4
:108A80001037BD4680BD80B483B000AF786000BFB2
:108A90000C37BD465DF8047B7047000080B58AB096
:108AA00000AFF860B9607A600023FB77FB68002BA9
:108AB00002D0BB68002B01D10123A1E1BB689B68F8
:108AC000042BFB685B79012B01D1022398E1FB6841
:108AD00001225A71FB6802221A71BB689B68042B41
:108AE0007AD1FEF7AFF8B8617B68002B3DD118E072
:108AF000FEF7A8F80246BB69D31A012B11D9FB680F
:108B00001B685B6B03F40043002B0AD0FB681B69F6
:108B100043F00802FB681A61FB6803221A71032301
:108B20006EE1FB681B685B6B03F40043002BDFD135
:108B3000FB681B68BA68526A1A6420E0FEF782F884
:108B40000246BB69D31A012B0FD9FB681B685B6B0C
:108B5000002B0ADAFB681B6943F00802FB681A6104
:108B6000FB6803221A7103234AE1FB681B685B6BF5
:108B7000002BE3DBFB681B68BA68526A5A64FB6827
:108B80001B689A6C7B6803F0100340F2FF3101FA16
:108B900003F3DB4302EA0301BB689A6A7B6803F0D4
:108BA00010039A40FB681B680A439A64FB681B68C1
:108BB000DA6C7B6803F01003FF2101FA03F3DB4357
:108BC00002EA0301BB68DA6A7B6803F010039A408B
:108BD000FB681B680A43DA64BB68DB69012B1DD1A3
:108BE000FB681B689B6B7B627B6803F010031F2292
:108BF00002FA03F3DB437A6A13407B62BB681B6AA9
:108C00007B617B6803F010037A6902FA03F37A6AE6
:108C100013437B62FB681B687A6A9A63FB681B6874
:108C2000DB6B7B627B6803F01003072202FA03F31D
:108C3000DB437A6A13407B62BB689B69012B02D1DC
:108C400000233B620FE0BB689B69022B02D101232A
:108C50003B6208E0BB685B69002B02D101233B62E9
:108C600001E000233B62BB689A68BB685B69134301
:108C70003A6A13437B617B6803F010034FF4807200
:108C800002FA03F3DB437A6A13407B62BB681B7909
:108C9000012B02D14FF4807300E000237A69134363
:108CA0007B617B6803F010034FF4007202FA03F358
:108CB000DB437A6A13407B62BB685B79012B02D18C
:108CC0004FF4007300E000237A6913437B617B6AF1
:108CD00023F440437B62BB681B68022B14D1FEF770
:108CE000F3FC38613B69484A934204D97B6A43F4F8
:108CF00000437B620FE03B69444A93420AD97B6A96
:108D000043F480437B6206E0BB681B687A6A1343C6
:108D10007B6200E000BF7B6803F010037A6902FA0F
:108D200003F37A6A13437B62FB681B687A6ADA632F
:108D3000FB681B6819687B6803F010034FF48042DE
:108D400002FA03F3DA43FB681B680A401A60FB6807
:108D50001B681B687B627B6803F0100340F6FE72A1
:108D600002FA03F3DB437A6A13407B62BB68DB6879
:108D70007B617B6803F010037A6902FA03F37A6A75
:108D800013437B62FB681B687A6A1A60FB681B6886
:108D900019687B6803F01003C02202FA03F3DA4378
:108DA000FB681B680A401A60BB68DB689B0803F01D
:108DB0000F037B61BB681B699B081B0203F4706394
:108DC0007A6913437B61FB681B681A6E7B6803F04A
:108DD000100340F60F7101FA03F3DB4302EA0301CB
:108DE0007B6803F010037A699A40FB681B680A43AA
:108DF0001A66FB6801221A71FB6800225A71FB7F18
:108E000018462837BD4680BD0068890900B4C404EF
:108E100080B483B000AF786000BF0C37BD465DF80A
:108E2000047B704780B586B000AF78607B68002B0C
:108E300001D10123BEE07B68022283F8DD207B683C
:108E40000022C3F8E0207B680022C3F8E4207B689E
:108E50000022C3F8E8207B680022C3F8EC207B687E
:108E60000022C3F8F0207B680022C3F8F4207B685E
:108E70000022C3F8F8207B689B6803F00103002BF5
:108E80002ED07B681B684D4A93420BD14C4B1B6E16
:108E90004B4A43F080631366494B1B6E03F08063BB
:108EA000FB60FB687B681B681B683B613B6923F4C4
:108EB00040433B617B681B6903F440433A691343B9
:108EC0003B613B6923F440533B617B685B6903F47E
:108ED00040533A6913433B617B681B683A691A60E7
:108EE0007868FBF7BFFD7B689B6803F00203002BEB
:108EF00012D07B681B681B683B613B6923F440739D
:108F00003B617B68DB6803F440733A6913433B6160
:108F10007B681B683A691A607B68012283F8DD2050
:108F20007B68002283F8DC200023FB753EE0FA7D9D
:108F300079681346DB009B1A9B000B441833002210
:108F40001A60FA7D79681346DB009B1A9B000B447C
:108F50001C3300221A60FA7D79681346DB009B1AE5
:108F60009B000B44203300221A60FA7D7968134677
:108F7000DB009B1A9B000B44243300221A60FA7D0D
:108F800079681346DB009B1A9B000B4428330022B0
:108F90001A60FA7D79681346DB009B1A9B000B442C
:108FA000303300221A60FB7D0133FB75FB7D062BFD
:108FB000BDD9002318461837BD4680BD0068014062
:108FC0000010024080B483B000AF786039607B68E5
:108FD00093F8DC30012B01D1022345E07B680122AC
:108FE00083F8DC207B68022283F8DD203B68B3F144
:108FF000FF3F14D17B681B68D3F8CC237B681B68C8
:1090000022F00202C3F8CC237B681B68D3F8CC2380
:109010007B681B6842F00102C3F8CC231FE07B6829
:109020001B68D3F8CC237B681B6842F00202C3F8AC
:10903000CC237B681B68D3F8CC3323F00C017B680E
:109040001B683A680A43C3F8CC237B681B68D3F8D3
:10905000CC237B681B6842F00102C3F8CC237B68F9
:10906000012283F8DD20002318460C37BD465DF849
:10907000047B704780B584B000AF78603960FDF73D
:10908000E1FDF86014E03B68B3F1FF3F10D0FDF75D
:10909000D9FD0246FB68D31A3A689A4202D33B686C
:1090A000002B05D17B68072283F8DD20032311E024
:1090B0007B681B68D3F8883303F48033B3F5803FB3
:1090C000E1D17B68012283F8DD207B68002283F8F0
:1090D000DC20002318461037BD4680BD80B584B023
:1090E00000AFF860B9607A60FB6893F8DD30DBB2FE
:1090F000022B01D1022315E0FB68022283F8DD2058
:10910000BB68062B04D17968F86800F0D5FE04E04E
:109110007A68B968F86800F0FEFEFB68012283F8FF
:10912000DD20002318461037BD4680BD80B487B0CF
:1091300000AFF860B9607A60FB6893F8DD30DBB2AD
:10914000022B01D10223D7E1FB6893F8DC30012B1D
:1091500001D10223D0E1FB68012283F8DC20FB6807
:10916000022283F8DD20FB681B68D3F880337B6123
:10917000FB681B68D3F8FC333B61BB68B3F5007F29
:1091800000F06D81BB68B3F5007F00F28D81BB6894
:10919000B3F5807F00F03F81BB68B3F5807F00F2BC
:1091A0008381BB68802B00F01181BB68802B00F2AB
:1091B0007B81BB68202B4BD8BB68002B00F07481EF
:1091C000BB68013B1F2B00F26F8101A252F823F014
:1091D0005B9200087F920008A9940008A5920008FD
:1091E000A9940008A9940008A9940008CB9200084B
:1091F000A9940008A9940008A9940008A99400085B
:10920000A9940008A9940008A9940008F192000804
:10921000A9940008A9940008A9940008A99400083A
:10922000A9940008A9940008A9940008A99400082A
:10923000A9940008A9940008A9940008A99400081A
:10924000A9940008A9940008A9940008399300087B
:10925000BB68402B00F0958026E17B6923F4E02376
:109260007B617B681B6803F4E0237A6913437B61AD
:10927000FB681B687A685268C3F8BC231DE17B69F0
:1092800023F460137B617B681B68DB0003F46013CD
:109290007A6913437B61FB681B687A685268C3F87C
:1092A000C0230AE17B6923F0E0737B617B681B6864
:1092B0009B0103F0E0737A6913437B61FB681B68D1
:1092C0007A685268C3F8C423F7E07B6923F06063CF
:1092D0007B617B681B685B0203F060637A69134300
:1092E0007B61FB681B687A685268C3F8C823E4E0B6
:1092F0003B6923F007033B617B681B681B0C03F091
:1093000007033A6913433B61FB681B68D3F8F823F2
:10931000FB681B6822F01F02C3F8F823FB681B6878
:10932000D3F8F8137B685B6803F01F02FB681B68C7
:109330000A43C3F8F823C0E03B6923F070033B61A4
:109340007B681B681B0B03F070033A6913433B6196
:10935000FB681B68D3F8F823FB681B6822F478725B
:10936000C3F8F823FB681B68D3F8F8137B685B68C5
:109370005B0103F47872FB681B680A43C3F8F823A7
:109380009BE03B6923F4E0633B617B681B681B0A3D
:1093900003F4E0633A6913433B61FB681B68D3F84D
:1093A000F823FB681B6822F4F842C3F8F823FB6833
:1093B0001B68D3F8F8137B685B689B0203F4F842E0
:1093C000FB681B680A43C3F8F82376E03B6923F483
:1093D000E0433B617B681B681B0903F4E0433A6987
:1093E00013433B61FB681B68D3F8F823FB681B68D9
:1093F00022F4F812C3F8F823FB681B68D3F8F813BB
:109400007B685B681B0403F4F812FB681B680A4363
:10941000C3F8F82351E03B6923F4E0233B617B6808
:109420001B6803F4E0233A6913433B61FB681B6844
:10943000D3F8F823FB681B6822F07872C3F8F8238E
:10944000FB681B68D3F8F8137B685B685B0503F067
:109450007872FB681B680A43C3F8F8232DE03B6968
:1094600023F4E0033B617B681B681B0103F4E0030A
:109470003A6913433B61FB681B68D3F8F823FB6828
:109480001B6822F0F842C3F8F823FB681B68D3F886
:10949000F8137B685B689B0603F0F842FB681B6867
:1094A0000A43C3F8F82308E0FB68072283F8DD20AD
:1094B000FB68002283F8DC2000BFFB6893F8DD30F6
:1094C000DBB2072B01D1012316E0BB680F2B05D8B7
:1094D000FB681B687A69C3F8802304E0FB681B689B
:1094E0003A69C3F8FC23FB68012283F8DD20FB689E
:1094F000002283F8DC20002318461C37BD465DF8A7
:10950000047B704780B485B000AFF860B9607A60C2
:10951000FB6893F8DD30DBB2022B01D1022335E189
:10952000FB6893F8DC30012B01D102232EE1FB68AC
:10953000012283F8DC20FB68022283F8DD20BB686F
:10954000B3F5007F00F0F880BB68B3F5007F00F250
:109550000381BB68B3F5807F00F0DE80BB68B3F5A4
:10956000807F00F2F980BB68802B00F0C580BB686B
:10957000802B00F2F180BB68202B4BD8BB68002BFE
:1095800000F0EA80BB68013B1F2B00F2E58001A2DE
:1095900052F823F01D9600083B96000859970008E2
:1095A0005B960008599700085997000859970008DA
:1095B0007B960008599700085997000859970008AA
:1095C00059970008599700085997000859970008BB
:1095D0009B9600085997000859970008599700086A
:1095E000599700085997000859970008599700089B
:1095F000599700085997000859970008599700088B
:10960000599700085997000859970008599700087A
:10961000BB960008BB68402B5ED09DE0FB681B68D2
:10962000D3F8003423F01F017B6803F01F02FB68AE
:109630001B680A43C3F8002497E0FB681B68D3F853
:10964000003423F4F8617B689B0103F4F862FB6843
:109650001B680A43C3F8002487E0FB681B68D3F843
:10966000003423F4F8317B681B0303F4F832FB6801
:109670001B680A43C3F8002477E0FB681B68D3F833
:10968000003423F4F8017B689B0403F4F802FB68C0
:109690001B680A43C3F8002467E0FB681B68D3F823
:1096A000003423F0F8517B681B0603F0F852FB6886
:1096B0001B680A43C3F8002457E0FB681B68D3F813
:1096C000043423F01F017B6803F01F02FB681B6852
:1096D0000A43C3F8042448E0FB681B68D3F8043449
:1096E00023F4F8617B689B0103F4F862FB681B6854
:1096F0000A43C3F8042438E0FB681B68D3F8043439
:1097000023F4F8317B681B0303F4F832FB681B6811
:109710000A43C3F8042428E0FB681B68D3F8043428
:1097200023F4F8017B689B0403F4F802FB681B68D0
:109730000A43C3F8042418E0FB681B68D3F8043418
:1097400023F0F8517B681B0603F0F852FB681B6896
:109750000A43C3F8042408E0FB68072283F8DD20ED
:10976000FB68002283F8DC2000BFFB6893F8DD3043
:10977000DBB2072B01D1012308E0FB68012283F84B
:10978000DD20FB68002283F8DC2000231846143714
:10979000BD465DF8047B704780B584B000AFF860CB
:1097A000B9607A60FB6893F8DD30DBB2022B01D13F
:1097B00002237AE0FB6893F8DC30012B01D102230D
:1097C00073E0FB68012283F8DC20FB68022283F847
:1097D000DD20BB68062B04D17968F86800F0DBFB5C
:1097E00004E07A68B968F86800F072FC7B68196870
:1097F000F868BA681346DB009B1A9B0003442033C9
:1098000019607B685968F868BA681346DB009B1AD0
:109810009B000344243319607B689968F868BA6830
:109820001346DB009B1A9B000344283319607B68B6
:10983000D968F868BA681346DB009B1A9B0003449A
:109840002C3319607B681969F868BA681346DB0025
:109850009B1A9B00034430331960B968F86800F024
:1098600005FFBB68062B17D07B68DB6A002B13D182
:10987000FB681A68BB680133DB0113441B6823F4DF
:1098800000727B68DB6D5B02F96809681A43BB688C
:109890000133DB010B441A60FB68012283F8DD20F1
:1098A000FB68002283F8DC20002318461037BD46F1
:1098B00080BD80B584B000AFF860B9607A60FB68A5
:1098C00093F8DD30DBB2022B01D1022320E0FB68EC
:1098D00093F8DC30012B01D1022319E0FB6801224F
:1098E00083F8DC20FB68022283F8DD207A68B968FF
:1098F000F86800F073FDB968F86800F0B7FEFB681F
:10990000012283F8DD20FB68002283F8DC2000239D
:1099100018461037BD4680BD80B487B000AFF860F0
:10992000B9607A60FB6893F8DD30DBB2022B01D1BD
:10993000022367E0FB6893F8DC30012B01D102239E
:1099400060E0FB68012283F8DC20FB68022283F8D8
:10995000DD207B681B6803F4E0537B617B685B68F8
:10996000C3F308037A6913437B617B689B6803F444
:1099700000737A6913437B617B681B6903F480433E
:109980007A6913437B617B68DB6803F400437A697F
:1099900013437B617B685B691A041D4B13407A6932
:1099A00013437B617B689B6903F000737A691343FF
:1099B0007B617B681B6A03F080437A6913437B6198
:1099C0007B68DB6903F000437A6913437B61FB68C2
:1099D0001A68BB68DB011344B8331A680D4B134097
:1099E000FA6811687A691A43BB68DB010B44B83323
:1099F0001A60FB68012283F8DD20FB68002283F8EF
:109A0000DC20002318461C37BD465DF8047B7047F8
:109A10000000FF010020003C80B485B000AFF8607A
:109A2000B9607A603B60FB6893F8DD30DBB2022BF3
:109A300001D1022357E1FB6893F8DC30012B01D1FF
:109A4000022350E1FB68012283F8DC20FB6802223C
:109A500083F8DD20BB68062B40D17B68013B072BD8
:109A60002AD801A252F823F0899A0008959A000892
:109A7000B99A0008A19A0008B99A0008B99A000892
:109A8000B99A0008AD9A0008FB681B683A6812682A
:109A9000DA611AE0FB681B683A6812685A6214E0DF
:109AA000FB681B683A6812689A620EE0FB681B68E4
:109AB0003A681268DA6208E0FB68072283F8DD2062
:109AC000FB68002283F8DC2000BFFB6893F8DD30E0
:109AD000DBB2072B40F0FE80012304E17B68013BF1
:109AE000072B00F2E38001A252F823F00D9B00083F
:109AF000219B0008AD9C0008DD9B0008AD9C000880
:109B0000AD9C0008AD9C0008F19B0008FB6819683B
:109B10003B681A68BB68DB010B449C331A60D1E0D8
:109B2000FB6819683B681A68BB68DB010B44A43307
:109B30001A603B685B68002B3FD0FB681A68BB6803
:109B40000133DB0113441B68FA68116823F44052A7
:109B5000BB680133DB010B441A60FB681A68BB6801
:109B60000133DB0113441A683B685B68F9680968D4
:109B70001A43BB680133DB010B441A603B685B6826
:109B8000B3F5005F09D1FB6819683B689A68BB6848
:109B9000DB010B449C331A6091E03B685B68B3F5D2
:109BA000405F40F08C80FB6819683B689A68BB682E
:109BB000DB010B44A8331A6081E0FB681A68BB68BC
:109BC0000133DB0113441B68FA68116823F4405227
:109BD000BB680133DB010B441A6070E0FB68196855
:109BE0003B681A68BB68DB010B44A8331A6069E064
:109BF000FB6819683B681A68BB68DB010B44AC332F
:109C00001A603B685B68002B3FD0FB681A68BB6832
:109C10000133DB0113441B68FA68116823F44042E6
:109C2000BB680133DB010B441A60FB681A68BB6830
:109C30000133DB0113441A683B685B689B00F968D9
:109C400009681A43BB680133DB010B441A603B68A7
:109C50005B68B3F5005F09D1FB6819683B689A68D7
:109C6000BB68DB010B449C331A602AE03B685B68ED
:109C7000B3F5405F25D1FB6819683B689A68BB68FB
:109C8000DB010B44A8331A601BE0FB681A68BB6851
:109C90000133DB0113441B68FA68116823F4404266
:109CA000BB680133DB010B441A600AE0FB68072242
:109CB00083F8DD20FB68002283F8DC2002E000BF8F
:109CC00000E000BFFB6893F8DD30DBB2072B01D169
:109CD000012308E0FB68012283F8DD20FB680022F5
:109CE00083F8DC20002318461437BD465DF8047B5A
:109CF000704700BF80B584B000AFF860B9607A608B
:109D00003B60FB6893F8DD30DBB2022B01D102230C
:109D10001DE0FB6893F8DC30012B01D1022316E033
:109D2000FB68012283F8DC20FB68022283F8DD2037
:109D30003B687A68B968F86800F0B0FBFB680122FC
:109D400083F8DD20FB68002283F8DC20002318461E
:109D50001037BD4680BD80B483B000AF78603960F5
:109D60007B6893F8DC30012B01D102231AE07B6879
:109D7000012283F8DC207B68022283F8DD207B68E7
:109D80001B68D3F894137B681B683A680A43C3F8CE
:109D900094237B68012283F8DD207B68002283F80E
:109DA000DC20002318460C37BD465DF8047B704765
:109DB00080B483B000AF786039607B6893F8DC30A2
:109DC000012B01D102231AE07B68012283F8DC20F9
:109DD0007B68022283F8DD207B681B68D3F8981328
:109DE0007B681B683A680A43C3F898237B680122A2
:109DF00083F8DD207B68002283F8DC2000231846EE
:109E00000C37BD465DF8047B704780B483B000AF6B
:109E1000786039607B6893F8DC30012B01D1022334
:109E200018E07B68012283F8DC207B68022283F83B
:109E3000DD207B681B6819687B681B683A680A43E9
:109E40001A607B68012283F8DD207B68002283F89A
:109E5000DC20002318460C37BD465DF8047B7047B4
:109E600080B483B000AF786039607B6893F8DC30F1
:109E7000012B01D1022319E07B68012283F8DC2049
:109E80007B68022283F8DD207B681B6819683B68C9
:109E9000DA437B681B680A401A607B68012283F8FA
:109EA000DD207B68002283F8DC20002318460C3775
:109EB000BD465DF8047B704780B485B000AF786024
:109EC00039607B681B681B68FB60FB6823F0070335
:109ED000FB603B689B68FA681343FB60FB6823F0F8
:109EE0001803FB603B68DB68FA681343FB607B6820
:109EF0001B68FA681A607B681B683A6812685A61C6
:109F00007B681B683A6852689A6100BF1437BD4687
:109F10005DF8047B704780B487B000AFF860B9602B
:109F20007A60FB681A68BB680133DB0113441B6865
:109F30007B617B6923F007037B617B689B687A699F
:109F400013437B617B6923F018037B617B68DB68CB
:109F50007A6913437B61FB681A68BB680133DB01D4
:109F600013447A691A60FB6819687B681A68BB68D1
:109F7000DB010B4494331A60FB6819687B685A68EC
:109F8000BB68DB010B4498331A6000BF1C37BD4629
:109F90005DF8047B704780B485B000AF78603960AD
:109FA0007B681B681B68FB607B681B68D3F8A03369
:109FB000BB60FB6823F02003FB603B685B69FA68C9
:109FC0001343FB60FB6823F0C003FB603B685B69E5
:109FD000202B03D03B689B69022B08D1FB6823F040
:109FE000C003FB60FB6843F02003FB6021E03B689B
:109FF0009B69032B08D1FB6843F04003FB60FB68BF
:10A0000023F08003FB6014E03B689B69042B08D1BC
:10A01000FB6843F08003FB60FB6823F04003FB60B8
:10A0200007E0FB6823F02003FB60FB6823F0C0031C
:10A03000FB60FB6823F40063FB603B68DB69FA6844
:10A040001343FB60FB6823F48063FB603B681B6A7F
:10A05000FA681343FB60FB6823F0C063FB603B6856
:10A060005B6AFA681343FB60FB6823F00063FB60E4
:10A070003B689B6AFA681343FB60FB6823F040432C
:10A08000FB603B68DB6A9B00FA681343FB60FB687C
:10A0900023F00053FB603B685B6BFA681343FB6083
:10A0A000BB6823F48033BB603B681B6BBA68134307
:10A0B000BB607B681B68FA681A607B681B68BA68BB
:10A0C000C3F8A02300BF1437BD465DF8047B70477A
:10A0D00080B48BB000AFF860B9607A60FB681A6832
:10A0E000BB680133DB0113441B68FA68116823F075
:10A0F0007042BB680133DB010B441A60FB681A68CD
:10A10000BB680133DB0113441B687B62FB681A6880
:10A11000BB68DB011344E8331B68BB61FB681A684A
:10A12000BB68DB011344E4331B683B62FB681B68BC
:10A13000D3F8A033FB617B6A23F020037B627B684A
:10A140005B697A6A13437B627B685B69202B03D06F
:10A150007B689B69022B08D17B6A23F4C0737B6206
:10A160007B6A43F020037B6221E07B689B69032BC1
:10A1700008D17B6A43F080037B627B6A23F480739F
:10A180007B6214E07B689B69042B08D17B6A43F4F3
:10A1900080737B627B6A23F080037B6207E07B6ACB
:10A1A00023F020037B627B6A23F4C0737B627B6AAB
:10A1B00023F400637B627B68DB697A6A13437B620A
:10A1C0007B6A23F480637B627B681B6A7A6A134331
:10A1D0007B627B6A23F0C0637B627B685B6A7A6A1E
:10A1E00013437B627B6A23F000637B627B689B6A1C
:10A1F0007A6A13437B627B6A23F070437B627B68DD
:10A20000DB6A7A6A13437B627B6A23F400337B62E6
:10A210007B685B6BB3F1005F03D17B6A43F400336F
:10A220007B627B6A23F040037B627B689B6B7A6A6C
:10A2300013437B627B6A23F480237B627B689B6D84
:10A240007A6A13437B627B6A23F0FC7323F48033C6
:10A250007B627B681B6D7A6A13437B62BB6923F068
:10A260003F03BB617B68DB6B03F03F03BA691343B9
:10A27000BB61BB6923F00043BB617B681B6CBA699F
:10A280001343BB613B6A23F480733B627B685B6C66
:10A290003A6A13433B627B689B6CB3F5606F04D0F2
:10A2A0007B689B6CB3F5F05F03D17B689B6B402BA5
:10A2B00008D13B6A23F4F0533B627B689B6C3A6A9B
:10A2C00013433B623B6A23F480433B627B68DB6C55
:10A2D0003A6A13433B627B685B6D7B61BB68052B0D
:10A2E00050D801A252F823F001A3000817A30008D8
:10A2F0002DA3000843A3000859A300086FA300087A
:10A30000FB6923F40033FB617B681B6B5B00FA691C
:10A310001343FB6137E0FB6923F48023FB617B6817
:10A320001B6B9B00FA691343FB612CE0FB6923F470
:10A330000023FB617B681B6BDB00FA691343FB6145
:10A3400021E0FB6923F48013FB617B681B6B1B011D
:10A35000FA691343FB6116E0FB6923F40013FB6108
:10A360007B681B6B5B01FA691343FB610BE0FB69C4
:10A3700023F48003FB617B681B6B9B01FA69134329
:10A38000FB6100E000BFFB681A68BB680133DB01BA
:10A3900013447A6A1A60FB681A68BB68DB011344CD
:10A3A000E833BA691A60FB681A68BB68DB011344BA
:10A3B000E4333A6A1A60FB681A68BB68DB0113442D
:10A3C000D4337A691A60FB681B68FA69C3F8A02362
:10A3D00000BF2C37BD465DF8047B704780B487B062
:10A3E00000AFF860B9607A60FB681A68BB68DB018F
:10A3F0001344EC331B687B617B6923F010037B61A2
:10A400007B681B681B017A6913437B617B6923F4BA
:10A4100080137B617B685B687A6913437B617B692E
:10A4200023F480337B617B68DB687A6913437B614B
:10A430007B6923F400337B617B689B687A691343F3
:10A440007B617B689B69012B1AD17B6923F0040334
:10A450007B617B681B697A6913437B617B6923F0AD
:10A4600002037B617B685B697A6913437B617B696B
:10A4700023F001037B617B689B697A6913437B61ED
:10A48000FB681A68BB68DB011344EC337A691A6015
:10A4900000BF1C37BD465DF8047B704780B489B0AF
:10A4A00000AFF860B9607A603B600023BB61FB6875
:10A4B0001A68BB68DB011344E4331B68FB61FB686B
:10A4C0001A68BB68DB011344B8331B687B617B6887
:10A4D000B3F5006F5DD07B68B3F5006F6ED87B6815
:10A4E000B3F5806F42D07B68B3F5806F66D87B6828
:10A4F000B3F5007F4DD07B68B3F5007F5ED87B68F5
:10A50000B3F5807F32D07B68B3F5807F56D87B6807
:10A51000802B3ED07B68802B50D87B68402B25D089
:10A520007B68402B4AD87B68012B1FD07B68002BAF
:10A5300044D07B68202B41D87B68022B3ED37B68BC
:10A54000023B01229A40484B1340002B14BF0123C9
:10A550000023DBB2002B1CD144F204031340002B78
:10A5600014BF01230023DBB2002B27D0FB6819683E
:10A570003B685A68BB68DB010B44BC331A60FB685C
:10A5800019683B689A68BB68DB010B44C0331A60EA
:10A5900015E0FB6819683B685A68BB68DB010B442F
:10A5A000C4331A60FB6819683B689A68BB68DB01B2
:10A5B0000B44C8331A601023BB6100E000BFFE22C9
:10A5C000BB6902FA03F3DB43FA691340FB613B68A2
:10A5D0001A68BB6902FA03F3FA691343FB613B682B
:10A5E000DA68BB6902FA03F3FA691343FB613B685B
:10A5F0001A69BB6902FA03F3FA691343FB613B680A
:10A600005A69BB6902FA03F3FA691343FB613B68B9
:10A610009A69BB6902FA03F3FA691343FB613B6869
:10A620001B69082B11D17B6903F40073002B0CD13B
:10A630007B6903F00073002B07D13B68DA69BB69C3
:10A6400002FA03F3FA691343FB61FB681A68BB68FB
:10A65000DB011344E433FA691A6000BF2437BD46B6
:10A660005DF8047B704700BF4100004080B483B0B8
:10A6700000AF786039603B68062B5ED801A252F8C3
:10A6800023F000BFB7A60008CDA60008E3A6000887
:10A69000F9A600080FA7000825A70008A1A6000832
:10A6A0007B681B68D3F884237B681B6842F0010237
:10A6B000C3F8842342E07B681B68D3F884237B685B
:10A6C0001B6842F00202C3F8842337E07B681B68F2
:10A6D000D3F884237B681B6842F00402C3F8842308
:10A6E0002CE07B681B68D3F884237B681B6842F0EE
:10A6F0000802C3F8842321E07B681B68D3F8842315
:10A700007B681B6842F01002C3F8842316E07B6864
:10A710001B68D3F884237B681B6842F02002C3F8CF
:10A7200084230BE07B681B68D3F884237B681B6859
:10A7300042F04002C3F8842300E000BF00BF0C37A2
:10A74000BD465DF8047B704780B584B000AF78608B
:10A750007B68002B01D1012387E07B685B68012BBC
:10A760007B6893F83630DBB2002B06D17B68002281
:10A7700083F835207868FAF70BFA7B68022283F8B1
:10A7800036207B681B68DB68FB607B685B68012B9D
:10A7900004D07B689B6AB3F5000F03D1FB6823F0FC
:10A7A0001E03FB607B685B694FF6FF72934203D028
:10A7B000FA68304B1340FB60FA682F4B1340FB6084
:10A7C0007B685A687B689B681A437B681B6A1A43DC
:10A7D0007B685B6A1A437B689B6A1343FA6813437E
:10A7E000FB607B685B68002B07D17B68DA697B685C
:10A7F0001B691343FA681343FB607B685B68012B9A
:10A8000004D07B689B6AB3F5000F07D17B68DA68D8
:10A810007B681B691343FA681343FB607B685B69C1
:10A820004FF6FF7293420AD07B685A697B689B6936
:10A830001A437B68DB691343FA681343FB607B6848
:10A840001B68FA68DA607B681B680C4A934207D180
:10A850007B68D96A7B681A6B7B681B680A431A623B
:10A860007B68012283F83620002318461037BD4646
:10A8700080BD00BF3F1FFFDFFEF119FF007C0040DD
:10A8800080B582B000AF7860164B1B6A154A23F082
:10A89000200313627B68022283F83620786800F078
:10A8A00039F9786800F0F7F80346032B01D1032348
:10A8B00014E07B681B68DA687B681B6822F400225E
:10A8C000DA607B681B689A687B681B6822F001026B
:10A8D0009A607B68012283F83620002318460837E7
:10A8E000BD4680BD0004014080B582B000AF7860F5
:10A8F0007B681B681B6803F00103012B0DD17B688B
:10A900001B689B6803F00103012B06D17B681B6861
:10A9100001225A607868F9F737FA7B681B681B6870
:10A9200003F00203022B0DD17B681B689B6803F0C8
:10A930000203022B06D17B681B6802225A607868EA
:10A9400000F06DF87B681B681B6803F00403042BA0
:10A950000DD17B681B689B6803F00403042B06D1B0
:10A960007B681B6804225A60786800F062F87B6894
:10A970001B681B6803F00803082B0DD17B681B685C
:10A980009B6803F00803082B06D17B681B6808222C
:10A990005A60786800F057F87B681B681B6803F002
:10A9A0001003102B0DD17B681B689B6803F010030C
:10A9B000102B06D17B681B6810225A60786800F063
:10A9C0004CF87B681B681B6803F02003202B0DD11B
:10A9D0007B681B689B6803F02003202B06D17B68F3
:10A9E0001B6820225A60786800F041F87B681B6879
:10A9F0001B6803F04003402B0DD17B681B689B68EC
:10AA000003F04003402B06D17B681B6840225A604C
:10AA1000786800F036F800BF0837BD4680BD80B4C6
:10AA200083B000AF786000BF0C37BD465DF8047B93
:10AA3000704780B483B000AF786000BF0C37BD466C
:10AA40005DF8047B704780B483B000AF786000BFCE
:10AA50000C37BD465DF8047B704780B483B000AF0F
:10AA6000786000BF0C37BD465DF8047B704780B44A
:10AA700083B000AF786000BF0C37BD465DF8047B43
:10AA8000704780B483B000AF786000BF0C37BD461C
:10AA90005DF8047B704780B483B000AF78607B685A
:10AAA00093F83630DBB218460C37BD465DF8047BB0
:10AAB0007047000080B485B000AF78603960002333
:10AAC000FB73124B1B68124AA2FB03239B0B4FF430
:10AAD0007A7202FB03F3BB60BB68013BBB60BB68DF
:10AAE000002B01D10323FB737B681B681A683B684A
:10AAF00013403A689A4202D0BB68002BECD1FB7B32
:10AB000018461437BD465DF8047B7047B804002032
:10AB10005917B7D180B58CB000AF78600023FB62C5
:10AB2000EFF31083FB60FB68BB6201233B613B6971
:10AB300083F3108800BF7B681B681A465A4B9A4201
:10AB400006D15A4BD3F8883003F44023FB6200E06F
:10AB500000BF7B681B689B687B627B681B68DB6847
:10AB60003B627B681B685B69FB617B681B689B6958
:10AB7000BB617B681B681B6A7B617B681B681A462C
:10AB8000494B9A420CD1494B9B6B484A43F00043D6
:10AB90009363464B9B6B454A23F00043936300E06D
:10ABA00000BFFB69002B02D1BB69002B5DD07B6825
:10ABB0001B681A463C4B9A4208D13C4BD3F888306C
:10ABC0003A4A23F44023C2F8883000E000BFFB6912
:10ABD000002B1AD07B681B681A697B681B6842F0DF
:10ABE00001021A617B681B68FA695A61082178685A
:10ABF000FFF760FF0346032B03D17B68032283F832
:10AC000036207B681B6808225A60BB69002B1AD06B
:10AC10007B681B681A697B681B6842F001021A6135
:10AC20007B681B68BA699A6110217868FFF742FF58
:10AC30000346032B03D17B68032283F836207B680D
:10AC40001B6810225A607B681B681A46164B9A4292
:10AC50000AD1164BD3F8883023F440221349FB6AFB
:10AC60001343C1F8883000E000BF7B681B681A6995
:10AC70007B681B6822F001021A617B681B687A6A94
:10AC80009A607B681B683A6ADA607B681B687A693D
:10AC90001A62BB6ABB60BB6883F3108800BF00BF49
:10ACA0003037BD4680BD00BF007C00400010024030
:10ACB00080B582B000AF78607B68002B01D10123A2
:10ACC00049E07B6893F83D30DBB2002B06D17B680E
:10ACD000002283F83C207868FAF7A4F87B68022207
:10ACE00083F83D207B681A687B6804331946104658
:10ACF00000F0DAFB7B68012283F848207B680122A0
:10AD000083F83E207B68012283F83F207B68012284
:10AD100083F840207B68012283F841207B68012270
:10AD200083F842207B68012283F843207B6801225C
:10AD300083F844207B68012283F845207B68012248
:10AD400083F846207B68012283F847207B68012234
:10AD500083F83D20002318460837BD4680BD00001B
:10AD600080B485B000AF78607B6893F83D30DBB28B
:10AD7000012B01D001234CE07B68022283F83D20A7
:10AD80007B681B68264A934222D07B681B68B3F11C
:10AD9000804F1DD07B681B68224A934218D07B6885
:10ADA0001B68214A934213D07B681B681F4A934259
:10ADB0000ED07B681B681E4A934209D07B681B68D3
:10ADC0001C4A934204D07B681B681B4A934215D1EE
:10ADD0007B681B689A68194B1340FB60FB68062B65
:10ADE00015D0FB68B3F5803F11D07B681B681A68EB
:10ADF0007B681B6842F001021A6008E07B681B68F0
:10AE00001A687B681B6842F001021A6000E000BF0C
:10AE1000002318461437BD465DF8047B704700BF19
:10AE2000002C01400004004000080040000C0040DD
:10AE30000034014000400140005001400700010083
:10AE400080B485B000AF78607B6893F83D30DBB2AA
:10AE5000012B01D0012354E07B68022283F83D20BE
:10AE60007B681B68DA687B681B6842F00102DA6065
:10AE70007B681B68264A934222D07B681B68B3F12B
:10AE8000804F1DD07B681B68224A934218D07B6894
:10AE90001B68214A934213D07B681B681F4A934268
:10AEA0000ED07B681B681E4A934209D07B681B68E2
:10AEB0001C4A934204D07B681B681B4A934215D1FD
:10AEC0007B681B689A68194B1340FB60FB68062B74
:10AED00015D0FB68B3F5803F11D07B681B681A68FA
:10AEE0007B681B6842F001021A6008E07B681B68FF
:10AEF0001A687B681B6842F001021A6000E000BF1C
:10AF0000002318461437BD465DF8047B704700BF28
:10AF1000002C01400004004000080040000C0040EC
:10AF20000034014000400140005001400700010092
:10AF300080B483B000AF78607B681B68DA687B6898
:10AF40001B6822F00102DA607B681B681A6A41F212
:10AF500011131340002B0FD17B681B681A6A44F24F
:10AF600044431340002B07D17B681B681A687B6839
:10AF70001B6822F001021A607B68012283F83D20E1
:10AF8000002318460C37BD465DF8047B704780B53A
:10AF900084B000AF78607B681B68DB68FB607B680F
:10AFA0001B681B69BB60BB6803F00203002B20D049
:10AFB000FB6803F00203002B1BD07B681B686FF05B
:10AFC00002021A617B6801221A777B681B689B6901
:10AFD00003F00303002B03D0786800F047FA05E084
:10AFE000786800F039FA786800F04AFA7B68002245
:10AFF0001A77BB6803F00403002B20D0FB6803F032
:10B000000403002B1BD07B681B686FF004021A61DD
:10B010007B6802221A777B681B689B6903F4407384
:10B02000002B03D0786800F021FA05E0786800F082
:10B0300013FA786800F024FA7B6800221A77BB685C
:10B0400003F00803002B20D0FB6803F00803002B5B
:10B050001BD07B681B686FF008021A617B680422B2
:10B060001A777B681B68DB6903F00303002B03D0AE
:10B07000786800F0FBF905E0786800F0EDF9786891
:10B0800000F0FEF97B6800221A77BB6803F010031A
:10B09000002B20D0FB6803F01003002B1BD07B6833
:10B0A0001B686FF010021A617B6808221A777B68B0
:10B0B0001B68DB6903F44073002B03D0786800F051
:10B0C000D5F905E0786800F0C7F9786800F0D8F99C
:10B0D0007B6800221A77BB6803F00103002B0CD0B9
:10B0E000FB6803F00103002B07D07B681B686FF03F
:10B0F00001021A617868F8F735FEBB6803F0800337
:10B10000002B04D1BB6803F40053002B0CD0FB6868
:10B1100003F08003002B07D07B681B686FF402529A
:10B120001A61786800F0B0FBBB6803F48073002BF1
:10B130000CD0FB6803F08003002B07D07B681B68F2
:10B140006FF480721A61786800F0A8FBBB6803F0A6
:10B150004003002B0CD0FB6803F04003002B07D00A
:10B160007B681B686FF040021A61786800F092F902
:10B17000BB6803F02003002B0CD0FB6803F0200316
:10B18000002B07D07B681B686FF020021A6178687B
:10B1900000F070FBBB6803F48013002B0CD0FB683D
:10B1A00003F48013002B07D07B681B686FF48012B8
:10B1B0001A61786800F07CFBBB6803F40013002B75
:10B1C0000CD0FB6803F40013002B07D07B681B68CE
:10B1D0006FF400121A61786800F074FBBB6803F426
:10B1E0008003002B0CD0FB6803F48003002B07D0F6
:10B1F0007B681B686FF480021A61786800F06CFB52
:10B20000BB6803F40003002B0CD0FB6803F40003BD
:10B21000002B07D07B681B686FF400021A61786806
:10B2200000F064FB00BF1037BD4680BD80B584B020
:10B2300000AF786039600023FB737B6893F83C3083
:10B24000012B01D10223F6E07B68012283F83C2028
:10B250007B68022283F83D207B681B689B68BB608B
:10B26000BB6823F4441323F07703BB60BB6823F46B
:10B270007F43BB607B681B68BA689A603B681B6849
:10B280006F4A934200F0C1806D4A934200F2C6803B
:10B290006C4A934200F0B9806A4A934200F2BE8041
:10B2A000694A934200F0B180674A934200F2B68047
:10B2B000664A934200F0A980644A934200F2AE804D
:10B2C000634A934200F0A180614A934200F2A68053
:10B2D000604A934200F099805E4A934200F29E8059
:10B2E000B3F1101F00F09180B3F1101F00F29680AF
:10B2F000B3F5801F00F08980B3F5801F00F28E80C7
:10B30000B3F5005F3ED0B3F5005F00F28780B3F580
:10B31000805F00F08680B3F5805F7FD8702B1AD0F5
:10B32000702B7BD8602B50D0602B77D8502B3CD023
:10B33000502B73D8402B58D0402B6FD8302B64D073
:10B34000302B6BD8202B60D0202B67D8002B5CD003
:10B35000102B5AD062E07B6818683B6899683B689C
:10B360005A683B68DB6800F0CFF97B681B689B6814
:10B37000BB60BB6843F07703BB607B681B68BA683F
:10B380009A604FE07B6818683B6899683B685A6828
:10B390003B68DB6800F0B8F97B681B689A687B68DB
:10B3A0001B6842F480429A603CE07B6818683B6806
:10B3B00059683B68DB681A4600F02AF97B681B680D
:10B3C0005021184600F083F92CE07B6818683B6830
:10B3D00059683B68DB681A4600F049F97B681B68CE
:10B3E0006021184600F073F91CE07B6818683B6820
:10B3F00059683B68DB681A4600F00AF97B681B68ED
:10B400004021184600F063F90CE07B681A683B683D
:10B410001B681946104600F05AF903E00123FB733C
:10B4200000E000BF7B68012283F83D207B6800229A
:10B4300083F83C20FB7B18461037BD4680BD00BF1B
:10B44000700010006000100050001000400010005C
:10B45000300010002000100080B483B000AF78608E
:10B4600000BF0C37BD465DF8047B704780B483B0E5
:10B4700000AF786000BF0C37BD465DF8047B7047B5
:10B4800080B483B000AF786000BF0C37BD465DF874
:10B49000047B704780B483B000AF786000BF0C3786
:10B4A000BD465DF8047B704780B485B000AF78601E
:10B4B00039607B681B68FB607B684C4A934217D0FD
:10B4C0007B68B3F1804F13D07B68494A93420FD019
:10B4D0007B68484A93420BD07B68474A934207D027
:10B4E0007B68464A934203D07B68454A934208D121
:10B4F000FB6823F07003FB603B685B68FA681343EA
:10B50000FB607B68394A934223D07B68B3F1804F5C
:10B510001FD07B68364A93421BD07B68354A9342E2
:10B5200017D07B68344A934213D07B68334A9342E6
:10B530000FD07B68334A93420BD07B68324A9342E8
:10B5400007D07B68314A934203D07B682C4A9342F0
:10B5500008D1FB6823F44073FB603B68DB68FA6842
:10B560001343FB60FB6823F080023B685B69134375
:10B57000FB607B68FA681A603B689A687B68DA62ED
:10B580003B681A687B689A627B68184A934213D0BA
:10B590007B681A4A93420FD07B681A4A93420BD0B9
:10B5A0007B68194A934207D07B68184A934203D0BC
:10B5B0007B68134A934203D13B681A697B681A631C
:10B5C0007B6801225A617B681B6903F00103012B30
:10B5D00005D17B681B6923F001027B681A6100BFFB
:10B5E0001437BD465DF8047B704700BF002C014056
:10B5F0000004004000080040000C004000340140FE
:10B60000005001400040014000440140004801401A
:10B6100080B487B000AFF860B9607A60FB681B6ADD
:10B620007B61FB681B6A23F00102FB681A62FB68FE
:10B630009B693B613B6923F0F0033B617B681B0125
:10B640003A6913433B617B6923F00A037B617A69A2
:10B65000BB6813437B61FB683A699A61FB687A694E
:10B660001A6200BF1C37BD465DF8047B704780B48A
:10B6700087B000AFF860B9607A60FB681B6A7B61D5
:10B68000FB681B6A23F01002FB681A62FB689B6967
:10B690003B613B6923F470433B617B681B033A6960
:10B6A00013433B617B6923F0A0037B61BB681B01F3
:10B6B0007A6913437B61FB683A699A61FB687A692E
:10B6C0001A6200BF1C37BD465DF8047B704780B42A
:10B6D00085B000AF786039607B689B68FB60FB6871
:10B6E00023F4401323F07003FB603A68FB681343B4
:10B6F00043F00703FB607B68FA689A6000BF143769
:10B70000BD465DF8047B704780B487B000AFF86039
:10B71000B9607A603B60FB689B687B617B6923F45E
:10B720007F437B613B681A027B681A43BB68134303
:10B730007A6913437B61FB687A699A6000BF1C37A2
:10B74000BD465DF8047B704780B485B000AF78607B
:10B7500039607B6893F83C30012B01D1022374E0FF
:10B760007B68012283F83C207B68022283F83D201D
:10B770007B681B685B68FB607B681B689B68BB60C1
:10B780007B681B68344A934209D07B681B68334A44
:10B79000934204D07B681B68314A934208D1FB680E
:10B7A00023F47003FB603B685B68FA681343FB603B
:10B7B000FB6823F0007323F07003FB603B681B6899
:10B7C000FA681343FB607B681B68FA685A607B6801
:10B7D0001B68214A934222D07B681B68B3F1804FDB
:10B7E0001DD07B681B681F4A934218D07B681B687A
:10B7F0001D4A934213D07B681B681C4A93420ED0AB
:10B800007B681B68154A934209D07B681B68184AFD
:10B81000934204D07B681B68114A93420CD1BB68E9
:10B8200023F08003BB603B689B68BA681343BB602E
:10B830007B681B68BA689A607B68012283F83D20A8
:10B840007B68002283F83C20002318461437BD464D
:10B850005DF8047B704700BF002C014000340140BC
:10B86000005001400004004000080040000C00406F
:10B870000040014080B483B000AF786000BF0C3757
:10B88000BD465DF8047B704780B483B000AF78603C
:10B8900000BF0C37BD465DF8047B704780B483B0B1
:10B8A00000AF786000BF0C37BD465DF8047B704781
:10B8B00080B483B000AF786000BF0C37BD465DF840
:10B8C000047B704780B483B000AF786000BF0C3752
:10B8D000BD465DF8047B704780B483B000AF7860EC
:10B8E00000BF0C37BD465DF8047B704780B483B061
:10B8F00000AF786000BF0C37BD465DF8047B704731
:10B9000080B400AF064BD3F88830054A43F4700387
:10B91000C2F8883000BFBD465DF8047B704700BFA9
:10B9200000ED00E080B586B000AF7860144A154B9A
:10B93000D31A7B617B693B61134B1B68002B02D1DF
:10B94000114B124A1A60104B1A687B6813443A690B
:10B950009A4207D201F004FD03460C221A604FF010
:10B96000FF3309E0084B1B68FB60074B1A687B68D4
:10B970001344054A1360FB6818461837BD4680BD5E
:10B9800000000220004000004050002090510020A4
:10B9900080B400AF01231846BD465DF8047B7047B4
:10B9A00080B582B000AF7860396001F0D9FC034601
:10B9B00016221A604FF0FF3318460837BD4680BD87
:10B9C00080B582B000AF78604FF0FF317868FFF744
:10B9D000E7FF00BFFDE780B586B000AFF860B96053
:10B9E0007A6000237B610AE0AFF300800146BB6808
:10B9F0005A1CBA60CAB21A707B6901337B617A69DA
:10BA00007B689A42F0DB7B6818461837BD4680BDDC
:10BA100080B586B000AFF860B9607A6000237B61C2
:10BA200009E0BB685A1CBA601B781846AFF3008067
:10BA30007B6901337B617A697B689A42F1DB7B68C1
:10BA400018461837BD4680BD80B483B000AF78601B
:10BA50004FF0FF3318460C37BD465DF8047B704746
:10BA600080B483B000AF786039603B684FF4005217
:10BA70005A60002318460C37BD465DF8047B7047BA
:10BA800080B483B000AF7860012318460C37BD4600
:10BA90005DF8047B704780B485B000AFF860B96092
:10BAA0007A60002318461437BD465DF8047B704762
:10BAB0000D488546FFF724FF0C480D490D4A002329
:10BAC00002E0D458C4500433C4188C42F9D30A4A53
:10BAD0000A4C002301E013600432A242FBD301F0C0
:10BAE00045FCF8F771F9FEE7000002200000002095
:10BAF000840600204CF900088806002090510020A0
:10BB0000FEE7000010EE103A184923F000428A4286
:10BB100019D9B2F1FF4F02D330EE400A704700B599
:10BB200083B0684600F02AF900F0030001289DED7B
:10BB3000000ADDED010A0FD0022808D088B900F014
:10BB400053F803B000BDDFED0A0A00F04DB800F075
:10BB50004BF8B1EE400AF4E700F0C8F8B1EE400A45
:10BB6000EFE7012000F0C2F8EBE700BFD80F493F34
:10BB70000000000010EE103A194923F000428A42FA
:10BB80001AD9B2F1FF4F02D330EE400A704700B528
:10BB900083B0684600F0F2F800F0030001289DED44
:10BBA000000ADDED010A12D002280AD090B9012066
:10BBB00000F09CF803B000BDDFED0A0A002000F0A1
:10BBC00095B8012000F092F8B1EE400AF2E700F0DB
:10BBD0000BF8EFE700F008F8B1EE400AEAE700BF23
:10BBE000D80F493F0000000010EE103A23F0004348
:10BBF000B3F1485F2CD2FDEEC07A17EE903A002BDD
:10BC000060D060EE007A9FED317A9FED315ADFED22
:10BC1000315A9FED316ADFED316AA7EE875A9FED09
:10BC2000307AE7EE855AA7EEA56AA7EE867AE7EEA8
:10BC3000876A67EEA66A60EEC00AB6EE007AE7EEA3
:10BC4000A60AB7EE000AD7EE870A30EE600A704700
:10BC500060EE007A9FED1D7A9FED1D5ADFED1D5AB3
:10BC60009FED1D6ADFED1D6A1E4AA7EE875A9342BB
:10BC70009FED1B7AE5EE275AA5EEA76AA6EE277A76
:10BC8000E7EE276A66EEA76AD5D9174A934214D819
:10BC900003F17F4307EE103AB7EE006A36EE476ACB
:10BCA00060EEC00AF6EE005A97EEA57AE7EEA60A15
:10BCB00037EE607A36EE470A7047B6EE076AB5EEA1
:10BCC000027AEDE7B7EE000A704700BF4ED747ADE6
:10BCD000F6740F317CF293B4010DD037ABAA2A3D34
:10BCE000610BB6BA9999993E0000483F10EE103AA0
:10BCF00023F00043B3F1485F04D2FDEEC07A17EEA3
:10BD0000903A5BB360EE007A9FED157ADFED155A3D
:10BD10009FED156ADFED156AE7EE875A9FED147AFD
:10BD2000A5EEA76A20EE275AE6EE276AA6EEA77AC6
:10BD300030B9DFED106AE7EE876AA6EE850A704734
:10BD400027EE457AF6EE006AA0EEA67ADFED0A6AE3
:10BD5000D7EE270AE5EE260A30EE600A704700BFEC
:10BD6000D3C92E2F342FD7B21BEF3836010D50B95F
:10BD70008988083CABAA2ABEABAA2A3E70B510EE51
:10BD8000103A8B4A23F00044944286B0054671D99C
:10BD9000884A94421E4624D823F00042002BDFED4F
:10BDA000867A864922F00F02B0EE407A40F3E680B0
:10BDB0008A4270EE677A09BF9FED817ADFED816A72
:10BDC000DFED816A77EEC77A37EEE67A77EEC77AEB
:10BDD00080ED007A77EEE67AC0ED017A012006B0B8
:10BDE00070BD7A4A944253D9B4F1FF4F49D2E2155B
:10BDF000863AA4EBC25307EE903ABDEEE77ADFED48
:10BE0000746AB8EEC77A77EEC77A8DED037A67EE7B
:10BE1000A67ABDEEE77AB8EEC77A77EEC77A8DEDEF
:10BE2000047A67EEA67AF5EE407AF1EE10FACDEDDF
:10BE3000057A40F08E80B5EE407AF1EE10FA40F0CF
:10BE40008A800123634901910221009103A82946B8
:10BE500000F0D2F8002EC2DA95ED007AD5ED017A25
:10BE6000B1EE477AF1EE677A85ED007AC5ED017A99
:10BE70004042B4E7002285ED000A4260002006B08F
:10BE800070BD70EE407AC0ED017AC0ED007AF5E742
:10BE900000F0AAF89FED507A9FED476AF6EE007A1F
:10BEA000E0EE077A9FED477AFDEEE77AF8EEE76A73
:10BEB00017EE900AA6EEC60A1F2866EE877AB1EE44
:10BEC000666A30EE677A1EDC444A411E26F0004363
:10BED00052F8212023F0FF03934214D085ED007A1D
:10BEE00030EE470A002E30EE670A85ED010ABFF6F4
:10BEF00076AFB1EE477AB1EE400A85ED007A85ED76
:10BF0000010A40426BE717EE103AC3F3C753C3EB85
:10BF1000D453082B4FEAE452E0DD9FED297A9FEDE0
:10BF20002A5AF0EE405AE6EE075A70EE657AE6EECF
:10BF3000077AD6EE857A35EEE77A17EE103AC3F334
:10BF4000C753D21A192A08DCB0EE650A85ED007ACB
:10BF5000C6E7032376E7022374E79FED217A9FED7E
:10BF6000215AB0EE650AA6EE070A75EEC07AE6EE33
:10BF7000077AD6EE857A30EE677AAFE78A4270EEBE
:10BF8000277A09BF9FED0E7ADFED0E6ADFED0E6AAC
:10BF900077EE877A37EEA67A77EEC77A80ED007A69
:10BFA00077EEA67AC0ED017A4FF0FF3017E700BFB9
:10BFB000D80F493FE3CB1640800FC93FD00FC93F90
:10BFC000004435374344353708A3852E800F494355
:10BFD0000000804374F2000884F9223FF4F1000865
:10BFE00000A3852E32318D2410EE103A23F0004349
:10BFF00000EE103A704700BF2DE9F04F2DED048B95
:10C00000DBB01C46944603930A46BA4B68991CF170
:10C01000040F53F82170824604F1FF39C0F25682B2
:10C02000BCF1030348BF0CF10403DB10029301339E
:10C030004FEAC30EACEB0E030593029B17EB09000E
:10C04000A3EB090316D401309FEDAB7A699C184429
:10C050001EA9002BA4BF54F8235007EE905A03F1F9
:10C060000103ACBFF8EEE77AF0EE477A8342E1ECE9
:10C07000017AEED1002FC0F2E28203991EA800EBF4
:10C0800081004FEA81087E18002346AD4C460AEB3A
:10C090008101B9F1000F80F2C8800134B44245F843
:10C0A000043B00F10400F4D10DF1280B0BEB8703E6
:10C0B000CDE9062E043B9FED929ADFED908A05981C
:10C0C00004930AEB080446AE0BEB87080097CDF803
:10C0D00020C00DEB8703002F93ED460A4FEA87053A
:10C0E00015DD73195A4660EE097AB0EE407AFDEE1E
:10C0F000E77A73ED016AF8EEE77AB342A7EEE87AE1
:10C1000037EEA60ABDEEC77AA2EC017AEBD1019018
:10C1100000F0B8FAF4EE007AB0EE408A20EE270A7A
:10C1200000F01EFBF2EE007AA0EE678A019800286C
:10C13000FDEEC89AF8EEE97A38EE678A40F382801D
:10C14000791EC0F108035BF821E04EFA03FC0CFAFB
:10C1500003F3AEEB030EC0F1070219EE903A4EFA6C
:10C1600002F26344002A09EE903A4BF821E000F312
:10C17000AF80B5EE408AF1EE10FA74D1009B9F4279
:10C180000ADD5D44002355F8041D454543EA0103DB
:10C19000F9D1002B40F00281009B013B5BF823208A
:10C1A0007B1C9C46002A40F0F780049A012152F83B
:10C1B000045D0131002DFAD03944029D039A05EB4C
:10C1C000030E0EF1804E699D0EF1FF3E3A4405EBE1
:10C1D0008E0E1EAD06EB830705EB8205DEED017AC0
:10C1E000F8EEE77AB9F1000F0EF1040EE5EC017AF2
:10C1F000DFED417A09DB2A465346F3EC016A32ED62
:10C20000017AA342E6EE877AF7D10CF1010C8C4556
:10C21000E7EC017AE2DD0F465BE70134B442E5EC7E
:10C22000017A00F104003FF43FAFDFED337A83463B
:10C230005346F3EC016A3BED017A8B42E6EE877AD6
:10C24000F7D1EAE700F09180F6EE007AB4EEE78AE3
:10C25000F1EE10FA80F22981B5EE408AF1EE10FA83
:10C260004FF000028AD09246DDE9062EDDF820C0AC
:10C270000197AEEB0C00B0EE480A009F009200F070
:10C2800001FADFED1E6AB4EEE60AF1EE10FADDE91E
:10C290000023F0EE407AC0F29C819FED197A059957
:10C2A00020EE077A0831BDEEC77A0591B8EEC77A5D
:10C2B0005C1CE7EE667ABDEEC77AFDEEE77A17EE14
:10C2C000901A4BF8231017EE103A4BF824307EE00A
:10C2D0000133002F09EE903A40F39D8159464FF00B
:10C2E000000E51F8043B002B39D0C3F5807341F8A0
:10C2F000043C0CE0B8F5000800000000000080439A
:10C300000000803B0B68C3F1FF0341F8043B0EF1D2
:10C31000010E7745F6DC01239E4600280BDD01283F
:10C3200000F0BB80022806D1791E5BF8213003F0B3
:10C330003F0C4BF821C0022A7FF41BAFB7EE000A76
:10C34000734630EE488A002B3FF413AF09920190F8
:10C3500000F098F90198099A38EE408A09E70EF141
:10C36000010E7745BDDC9E46D7E77B1E5BF8232098
:10C37000D211002A7FF7FDAE19EE903A002F03F19B
:10C38000010309EE903AA9DC022A7FF4F2AEF7EE3F
:10C39000007A37EEC88AECE619460EE73B4692462D
:10C3A000DDE905125C1EA1F108005BF82410009F76
:10C3B000059061B903F18043013B0BEB8303014618
:10C3C00053F8040D013C08390028F9D0059105986F
:10C3D0000092B7EE000A00F055F9002C009AB0EE7A
:10C3E000407AC0F22281601C46AD5FED3B6A81005D
:10C3F0000BEB800305EB800073ED017AF8EEE77A32
:10C400005B4567EE877A27EE267A60ED017AF3D1F5
:10C410000DF1C8080E1F2E44C646A4460025002F65
:10C420007DDBDFF85C92DFED957A3046002307E094
:10C43000F9EC016AB0EC017A9F42E6EE877A03DB01
:10C440009D4203F10103F3DA0CF1FF3CBCF1FF3F25
:10C45000EEEC017A05F10105A6F10406E1D1689B35
:10C46000022B6ADC002B36DC0ED1DFED847A4144EE
:10C4700031ED017A884577EE877AF9D15346002B62
:10C4800040F0C680C2ED007A19EE903A03F0070042
:10C490005BB0BDEC048BBDE8F08F791E5BF82130FA
:10C4A00003F07F0C4BF821C045E719EE903A002FBE
:10C4B00003F1010309EE903AC8BF02223FF70EAF25
:10C4C000F7EE007A37EEC88A022252E600234FF0D8
:10C4D000080E0293AEE5DDED327A9FED687A4144B5
:10C4E00071ED016A884537EE267AF9D15346002B63
:10C4F00040F0848077EEC77A82ED007A64B133A988
:10C500000123B1EC017A01339C4277EE877AF8DAA5
:10C5100053460BB1F1EE677AC2ED017AB4E70CF144
:10C52000FF3C0023BCF1FF3F4EF8043B05F1010541
:10C53000A6F104067FF473AF91E7689B032BA3D1A8
:10C54000002C00F08C8008EB840595ED007AA000AB
:10C550002B46294671ED017AF0EE476A37EE277ACD
:10C56000884577EEC77A81ED007A77EEA67AC1ED3D
:10C57000017AEFD1012C72D095ED007A08F1040117
:10C5800073ED017AF0EE476A37EE277A994277EE3B
:10C59000C77A83ED007A77EEA67AC3ED017AEFD100
:10C5A000031DDFED367A434408F1080833ED017AC4
:10C5B000984577EE877AF9D15346DDED326A9DEDE5
:10C5C000337A73B9C2ED006A82ED017AC2ED027A64
:10C5D0005AE7FDEEC07A1C4617EE901A4BF823106E
:10C5E000F5E6F1EE666AB1EE477AF1EE677AC2EDF2
:10C5F000006A82ED017AC2ED027A45E7F1EE476A00
:10C6000077EEC77AC2ED006A002C7FF478AF81E73D
:10C61000F1EE677A36E7012815D002287FF4B4AE30
:10C620000EF03F034BF82130AEE6689B022B12DC84
:10C63000002B17DC7FF428AFDFED107A1EE7039B99
:10C640004FEA830830E50EF07F03022A4BF82130D1
:10C650007FF48FAD9BE6689B032B7FF415AFDFED76
:10C66000077AA9E75346DDED327A1BB14FF000435C
:10C6700013604FE7002313604EE700BF0000000087
:10C680008CF5000810EE103A33F000411A4625D020
:10C69000B1F1FF4F1FD213F0FF4F20D1DFED297A08
:10C6A000294A60EE277A904217EE903A31DB4CF23D
:10C6B000503CC3F3C75160451A46A1F1190114DD7E
:10C6C000002BDFED227A9FED210AB8BFDFED207A43
:10C6D00027EE800A704730EE000A704770474CF230
:10C6E000503C60454FEAD151EADC0144FE29E7DCC9
:10C6F000002915DC11F1160F19DB193122F0FF4268
:10C7000042EAC15207EE902A9FED120A27EE800AF4
:10C710007047DFED117A07EE103A27EE270A7047CF
:10C7200022F0FF4242EAC15300EE103A7047002B5C
:10C73000DFED097A9FED080AB8BFDFED087A27EE32
:10C74000800A70470000004CB03CFFFFCAF24971FC
:10C75000CAF249F1000000336042A20D6042A28D8E
:10C7600010EE102AC2F3C7537F3B162B22F0004174
:10C770001BDC002B10461EDB1A4919410A4223D04C
:10C78000DFED197A70EE277AF5EEC07AF1EE10FA45
:10C790001ADD002A04DA4FF4000242FA03F31844C7
:10C7A00020EA010300EE103A7047B1F1FF4F0BD3BE
:10C7B00030EE000A7047DFED0C7A70EE277AF5EE66
:10C7C000C07AF1EE10FA00DC7047002A02DB9FED20
:10C7D000070A704711B99FED060A7047BFEE000ABD
:10C7E000F2E700BFFFFF7F00CAF2497100000000BE
:10C7F000000000802DE9FF4757EC106B002F0C461E
:10C8000019463B46BBBF07F100431F4600232D23BB
:10C810000B700D9BDDF830A0914623F02008BCBFC3
:10C8200032461646B8F1460F05D0B8F1450F00D193
:10C830000134022100E0032103AB019302AB00931A
:10C8400047EC106B5346224600F04EFEB8F1470FFE
:10C85000054619D119F0010F0ED000EB0409002292
:10C86000002330463946F4F757F908B1CDF80C905B
:10C870003022039B4B451ED3039B0E9A5B1B28461D
:10C88000136004B0BDE8F087B8F1460F00EB04096F
:10C89000E5D10378302B0AD10022002330463946F7
:10C8A000F4F73AF918B9C4F10104CAF80040DAF80B
:10C8B00000309944D3E7591C03911A70D9E7F7B5B2
:10C8C0000029BABF49422D232B2309290270437046
:10C8D00029DD0DF1070425460A272246B1FBF7F6AC
:10C8E00007FB1613303302F8013C0B46632B04F1AF
:10C8F000FF343146F1DC3031931E04F8011C411C39
:10C900001C46AB420AD30DF109039B1AA54238BF5E
:10C910000023821C1344181A03B0F0BD13F8016BF6
:10C9200001F8016FEDE7302330318370C170031DD2
:10C93000F1E700002DE9F04F8DB00C46DDF858808E
:10C9400016461F46054600F0C1FC036806931846CC
:10C95000F3F7B6FC00230A93D8F8003094F818A037
:10C96000D4F800B00790073323F00703B3EC027B41
:10C970008DED047BC8F80030DDE9048323F0004925
:10C9800084ED127B9C4B4FF0FF3240464946F4F752
:10C99000F5F870BB984B4FF0FF3240464946F4F72C
:10C9A000CFF830BBDDE9040100220023F4F7BEF824
:10C9B00010B12D2384F84330904A914BBAF1470FC0
:10C9C0008CBF90469846032323612BF00403236019
:10C9D0004FF00009009733460BAA2146284600F085
:10C9E000D1F9013040F08C804FF0FF300DB0BDE840
:10C9F000F08FDDE9042310461946F4F7BFF840B183
:10CA0000059B804A002BBCBF2D2384F843307E4B0E
:10CA1000D4E763685A1C0AF0DF093BD10623636040
:10CA20004BF480620023226003930AABCDE901A39B
:10CA300009AB009361689DED040B0DF123032846BB
:10CA4000FFF7D8FEB9F1470F0999804629D1C81CD4
:10CA500002DB63688B4241DAAAF1020A5FFA8AFAC2
:10CA60000139524604F150000991FFF728FF0A9A54
:10CA70001318012A8146236102DC2268D20701D5FE
:10CA8000013323619DF82330002BA3D02D2384F89C
:10CA900043309FE7B9F1470FC2D1002BC0D101232A
:10CAA000BDE7BAF1650FDBD9BAF1660F18D10029DD
:10CAB00063680BDD216113B92268D00702D5013309
:10CAC0000B442361A1654FF00009DBE713B922682D
:10CAD000D20701D50233F4E70123F2E74FF0670AEA
:10CAE0000A9B8B4205DC23682161D807EAD54B1CE1
:10CAF000E7E70029D4BFC1F1020201221344E0E7B5
:10CB000023685A0507D42369424631462846B84768
:10CB100001302BD168E7BAF1650F40F2DD80D4E92E
:10CB2000120100220023F3F7F7FF002833D0374A21
:10CB3000012331462846B84701303FF455AFDDE9BF
:10CB40000938434502DB2368D8070FD5DDE9062302
:10CB500031462846B84701303FF446AF4FF0000950
:10CB600008F1FF3804F11A0AC84509DC23689B075D
:10CB700000F10381E0680B9B9842B8BF184635E787
:10CB80000123524631462846B84701303FF42CAFC6
:10CB900009F10109E8E7099B002B39DC1B4A012355
:10CBA00031462846B84701303FF41EAFDDE9093968
:10CBB00059EA030302D12368D907D7D5DDE9062353
:10CBC00031462846B84701303FF40EAF4FF0000A17
:10CBD00004F11A0B099B5B42534501DC4B4693E77A
:10CBE00001235A4631462846B84701303FF4FCAE8F
:10CBF0000AF1010AEEE700BFFFFFEF7FC8F500086A
:10CC0000C4F50008D0F50008CCF50008D4F50008FC
:10CC1000A36DDDF828A05345A8BF5346002B9946C5
:10CC200036DC4FF0000B29EAE97904F11A02A36D12
:10CC30000493A3EB09035B4531DC099B9A453ADC7D
:10CC40002368DA0737D4099BAAEB0309049BAAEBF4
:10CC500003039945A8BF9946B9F1000F33DC4FF0A3
:10CC6000000829EAE97904F11A0B099BAAEB0303EE
:10CC7000A3EB090343457FF779AF01235A463146B9
:10CC80002846B84701303FF4AFAE08F10108ECE7A1
:10CC9000424631462846B8470130C2D1A4E60123B6
:10CCA000314628460492B84701303FF49DAE049ABD
:10CCB0000BF1010BBBE7DDE9062331462846B847F7
:10CCC0000130C0D190E6049A4B4642443146284692
:10CCD000B8470130C3D187E6DDF828A0BAF1010FCB
:10CCE00001DCDB0736D50123424631462846B847EA
:10CCF00001303FF479AEDDE9062331462846B847D6
:10CD000001303FF471AED4E91201002200230AF190
:10CD1000FF3AF3F701FFC0B9534608F1010231466B
:10CD20002846B84701300CD15EE601235A46314609
:10CD30002846B84701303FF457AE08F10108D04506
:10CD4000F3DB4B4604F15002DFE64FF0000804F13C
:10CD50001A0BF4E701234246E1E701234A46314634
:10CD60002846B84701303FF43FAE08F10108E368B8
:10CD70000B995B1A4345F0DCFCE64FF0000804F128
:10CD80001909F4E72DE9F047164698468A680B69B9
:10CD9000DDF820909342B8BF1346336091F84320EA
:10CDA00007460C460AB1013333602368990642BF37
:10CDB000336802333360256815F0060506D104F1A7
:10CDC000190AE36832689B1AAB4226DC94F84330B8
:10CDD0002268003B18BF012392062BD404F14302C2
:10CDE00041463846C84701301ED02368226903F007
:10CDF0000603042B02BFE5683368ED1AA3680CBF75
:10CE000025EAE57500259342C4BF9B1AED1800265C
:10CE10001A34B5421AD1002008E001235246414697
:10CE20003846C847013003D14FF0FF30BDE8F087E6
:10CE30000135C6E7E1185A1C302081F8430022442E
:10CE400094F8451082F843100233C7E701232246C5
:10CE500041463846C8470130E6D00136D9E70000E0
:10CE60002DE9F0430D7E85B0782D90460C9E074647
:10CE70000C46994601F1430207D8622D0AD8002DCD
:10CE800000F0D780582D00F0BC8004F1420684F8F1
:10CE900042503BE0A5F16303152BF6D801A151F8F0
:10CEA00023F000BFFDCE000811CF00088BCE000894
:10CEB0008BCE00088BCE00088BCE000811CF000867
:10CEC0008BCE00088BCE00088BCE00088BCE0008DE
:10CED00019D000083BCF0008CBCF00088BCE00084C
:10CEE0008BCE00083BD000088BCE00083BCF00085B
:10CEF0008BCE00088BCE0008D3CF000833681A1DF4
:10CF00001B68326004F1420684F842300123A1E03C
:10CF100033682068191D3160060601D51D6803E0DD
:10CF20004506FBD5B3F90050002D03DA2D236D42E1
:10CF300084F843305B480A2311E02168336808060F
:10CF400053F8045B02D4490648BFADB23360237E78
:10CF500054486F2B5CD10823002184F84310666885
:10CF6000A660002E05DB21682E4321F0040121601C
:10CF700050D01646B5FBF3F103FB115C10F80CC062
:10CF800006F801CDAC4663450D46F3D9082B0BD10D
:10CF90002368DB0708D5236961689942DEBF302327
:10CFA00006F8013C06F1FF36921B2261CDF8009095
:10CFB000434603AA21463846FFF7E4FE01304ED12E
:10CFC0004FF0FF3005B0BDE8F083236843F0200345
:10CFD00023603548782584F845502368316813F07C
:10CFE000800F51F8045B03D113F0400F18BFADB2AE
:10CFF0003160D90744BF43F0200323601DB11023E3
:10D00000AAE72848E7E7236823F020032360F6E730
:10D010000A23A1E71646B9E7336825686169181D38
:10D0200030602E061B6801D5196002E06806FBD54A
:10D030001980002323611646B8E733681A1D326051
:10D040001E68626800213046F3F7EAF808B1801BD9
:10D05000606063682361002384F84330A6E7236996
:10D06000324641463846C8470130A9D023689B075D
:10D0700013D4E068039B9842B8BF1846A2E7012387
:10D08000324641463846C847013099D00135E368F9
:10D0900003995B1AAB42F2DCEBE7002504F11906B9
:10D0A000F5E700BFD6F50008E7F50008002310B546
:10D0B0000446C0E90033C0E90433836081814366DC
:10D0C000C2818361194608225C3000F0F7F80D4BED
:10D0D00063620D4BA3620D4BE3620D4B23630D4B5B
:10D0E00024629C4206D003F16802944202D0D033FD
:10D0F0009C4205D104F15800BDE8104000F05AB937
:10D1000010BD00BF35D2000857D200088FD20008EA
:10D11000B5D2000844500020024A0349034800F0F9
:10D120006BB800BFBC040020B5EA0008CC040020A6
:10D1300041680C4B994210B5044601D001F0BAFC8D
:10D14000A168094B994202D0204601F0B3FCE16886
:10D15000064B994204D02046BDE8104001F0AABC1D
:10D1600010BD00BF44500020AC50002014510020DE
:10D170000C4B0D4A0D4810B504211A600022FFF730
:10D1800095FF0A4B01221C46092103F16800FFF7B5
:10D190008DFF04F1D0000222BDE810401221FFF7FC
:10D1A00085BF00BF7C51002019D1000844500020E9
:10D1B000014800F000B900BF85510020014800F08F
:10D1C000FBB800BF8551002010B50446FFF7F0FF03
:10D1D000236A1BB1BDE81040FFF7F0BF044B236288
:10D1E000044B1B68002BF5D1FFF7C2FFF2E700BF2D
:10D1F00031D100087C5100202DE9F84307468846CC
:10D2000014460026D4E90195B9F1010905D5246831
:10D21000002CF7D13046BDE8F883AB89012B07D944
:10D22000B5F90E30013303D029463846C0470643CE
:10D230006835E9E710B50C46B1F90E1000F06CF84E
:10D240000028ABBF636DA3891B1823F48053ACBFC8
:10D250006365A38110BD2DE9F0411F468B89DB0575
:10D2600005460C46164605D5B1F90E1002230022DC
:10D2700000F040F8A389B4F90E1023F48053A38181
:10D2800032463B462846BDE8F04100F057B810B59D
:10D290000C46B1F90E1000F02DF8B4F90C30421C18
:10D2A0000BBF23F4805343F48053A381A38118BFA1
:10D2B000606510BDB1F90E1000F00CB802440346D1
:10D2C000934200D1704703F8011BF9E7004870470B
:10D2D0000806002038B5064D0023044608462B609A
:10D2E000FEF7B2FB431C02D12B6803B1236038BDAB
:10D2F0008051002038B5074D0446084611460022EB
:10D300002A601A46FEF7C7FB431C02D12B6803B103
:10D31000236038BD8051002038B5074D04460846CB
:10D32000114600222A601A46FEF755FB431C02D123
:10D330002B6803B1236038BD8051002038B5074DFC
:10D3400004460846114600222A601A46FEF760FB92
:10D35000431C02D12B6803B1236038BD80510020EB
:10D36000014B1868704700BFC804002070B50D4B12
:10D370000D4D5B1B9C100026A64209D101F0D0FE8A
:10D380000A4D0B4B5B1B9C100026A64205D170BDBD
:10D3900055F8043B98470136EEE755F8043B9847AB
:10D3A0000136F2E744F9000844F9000844F900089E
:10D3B00048F900087047704770470A44914200F1ED
:10D3C000FF3300D1704710B511F8014B03F8014F3E
:10D3D0009142F9D110BD2DE9F74F03690C69A342C1
:10D3E00007467EDB013C01F11408A30000F114059F
:10D3F000009305EB8403019358F8243055F824205A
:10D4000001339A4208EB8409B2FBF3F62ED34FF0B6
:10D41000000AC446AE46D3465CF8043B98B206FB0D
:10D4200000A0020C1B0C06FB0323DEF8002080B2D8
:10D4300092B2121A5A44DEF800004FEA134A9BB225
:10D44000C3EB224303EB104392B242EA0342E145AD
:10D450004EF8042B4FEA234BDED2009BEB582BB93E
:10D46000019B043B9D421A462FD33C61384601F094
:10D4700093F9002825DB2946002058F8042BD1F821
:10D4800000C01FFA82FE1FFA8CF3A3EB0E030344C5
:10D49000120CC2EB234202EB1C429BB243EA024352
:10D4A000C14541F8043B4FEA2240E6D255F824201A
:10D4B00005EB840322B9043B9D421A460BD33C6121
:10D4C0000136304603B0BDE8F08F1268043B002AF5
:10D4D000CBD1013CC6E71268043B002AEFD1013CE6
:10D4E000EAE70020EEE700002DE9F04F99B08DED5E
:10D4F0000E0B0C92C269229C0A9157EC106B81466C
:10D50000139382B9102000F015FE0246C9F81C00E2
:10D5100020B9AB4BEF21AB4801F004FB0023C0E97D
:10D5200001330360C360116859B152684A60012336
:10D5300093408B60484600F0F1FED9F81C30002281
:10D540001A60B7F10008B5BF0123002323602360F0
:10D550009D4BBCBF28F00048CDF83C8033EA08035F
:10D560001AD1139AC8F3130842F20F7358EA060847
:10D57000136000F06885239B53B9944B21E0944BD2
:10D5800000930833239A1360009819B0BDE8F08F18
:10D590008E4B00930333F5E79DED0E7B002251EC9B
:10D5A000170B00238DED067BF3F7B6FA824650B1D8
:10D5B000139A01231360239B13B1239A854B1360A5
:10D5C000854B0093E0E79DED060B16AA17A9484688
:10D5D00001F096F95FEA1854169D019079D0079BE7
:10D5E000CDF850A0C3F31303DDE9060143F07F53E8
:10D5F00043F44013A4F2FF3419460022774BF2F7AC
:10D600006BFE69A3D3E90023F3F71EF868A3D3E9FF
:10D610000023F2F763FE064620460F46F2F7AAFF04
:10D6200065A3D3E90023F3F70FF802460B46304613
:10D630003946F2F753FE06460F46F3F7B5FA0022D5
:10D640008046002330463946F3F770FA48B1404629
:10D65000F2F790FF32463B46F3F75EFA08B908F15D
:10D66000FF38B8F1160F51D85D4B03EBC803D3E96F
:10D670000023DDE90601F3F759FA002848D008F144
:10D68000FF38002312932D1B6B1E089343BF00230A
:10D69000C5F1010708930027B8F1000F3ADB089B9A
:10D6A000CDF8348043440893002309930A9B092B47
:10D6B00062D8052BC4BF043B0A930A9BA3F1020363
:10D6C000CCBF00240124032B62D8DFE803F05153C0
:10D6D000362B179C2C4404F23243202BC1BFC3F1DC
:10D6E000400308FA03F804F2124326FA03F3D6BF04
:10D6F000C3F1200348EA030006FA03F0F2F72AFF19
:10D700000122A1F1F873013C149275E70123B9E7F6
:10D710001290B8E7C8F1000309930023A7EB0807AC
:10D720000D93C3E701230B930C9B434405930133F3
:10D73000012B0493B8BF012306E001230B930C9B3C
:10D74000002B28DDCDE90433D9F81C000021042288
:10D7500002F114059D4223D94160484600F0A0FD26
:10D760000090002840D11F4B024640F2AF11D2E694
:10D770000023E3E70023D6E701240023CDE90A34A0
:10D780004FF0FF33CDE90433002212230C92DBE784
:10D7900001230B93F4E70123CDE904331A46F5E79F
:10D7A00001315200D4E700BF61436F63A787D23FC6
:10D7B000B3C8608B288AC63FFB799F501344D33F80
:10D7C00005F600081CF600080000F07F01F60008CE
:10D7D000F8F50008D5F50008D4F500080000F83F7A
:10D7E00070F7000874F60008D9F81C30009A1A6027
:10D7F000049B0E2B00F2A180002C00F09E80B8F15B
:10D80000000F36DD9E4B08F00F0203EBC20318F445
:10D81000807FD3E900AB4FEA281516D0994BDDE99C
:10D820000601D3E90823F3F739F8CDE9020105F041
:10D830000F050324934E75B9DDE9020152465B469C
:10D84000F3F72CF882468B462DE09DED067B0224F3
:10D850008DED027BEEE7E90708D550465946D6E93B
:10D860000023F2F7F1FE013482468B466D10083634
:10D87000E1E700F0AD80C8F10005814B814E05F075
:10D880000F0203EBC203D3E90023DDE90601F2F73F
:10D89000DBFE2D1182468B4600230224002D40F032
:10D8A0008C80002BCED1129B002B00F09580764B04
:10D8B000002250465946F3F739F9002800F08C80D1
:10D8C000049B002B00F08880059B002B35DD08F1C0
:10D8D000FF330293504659466C4B0022F2F7B4FED8
:10D8E000059E82468B4601342046F2F743FE52469F
:10D8F0005B46F2F7A9FE664B0022F2F7EFFC044606
:10D90000A1F15075CDE91045002E69D1614B00227F
:10D9100050465946F2F7E0FC22462B4682468B469B
:10D92000F3F722F9002840F09482224605F10043E3
:10D9300050465946F3F7FAF820BB179B002BC0F26C
:10D940006081B8F10E0F00F35C814D4B03EBC8030F
:10D95000D3E900AB0C9B002B80F2EE80049B002BE4
:10D9600000F3EA800ED14B4B002250465946F2F7A5
:10D970006BFE02460B46DDE90601F3F7E1F80028ED
:10D9800000F06A8200252C460C9B009EDB4302932C
:10D99000274600242946484600F0C0FC002F00F02E
:10D9A000C1802CB1BC4203D02146484600F0B6FCF1
:10D9B0003946484600F0B2FCB4E0EA0705D5D6E99E
:10D9C0000023F2F741FE013401236D10083665E7AC
:10D9D000DDE906AB022466E7049ECDF8088083E704
:10D9E000274B03EBC60353E902010B9B002B55D0D9
:10D9F00002460B4600202849F2F750FFDDE91023CC
:10DA0000F2F76AFC009BCDE910019D191E465946AC
:10DA10005046F3F7C9F80446F2F7ACFD02460B4650
:10DA200050465946F2F758FC3034DDE9102306F829
:10DA3000014B82468B46F3F779F8002872D15246A3
:10DA40005B4611490020F2F747FCDDE91023F3F7AC
:10DA50006DF8002840F0B680AE423FF46EAFDDE9CD
:10DA600010010A4B0022F2F7EFFD084BCDE910013F
:10DA7000002250465946F2F7E7FD82468B46C6E73C
:10DA800070F7000848F700080000F03F000024404D
:10DA900000001C40000014400000E03FDDE91023BE
:10DAA000F2F7D2FD009B009DCDE9100133441593A0
:10DAB00059465046F3F778F80446F2F75BFD3034E8
:10DAC0000B46024659465046F2F706FC05F8014B54
:10DAD000159B9D4282468B4627D1009B0022DDE9A3
:10DAE00010011E44B34BF2F7F9FB02460B465046B9
:10DAF0005946F3F739F8002864D1DDE91023AD4920
:10DB00000020F2F7E9FB02460B4650465946F3F770
:10DB10000DF800283FF411AF334616F8012D302AD6
:10DB2000FAD01E46DDF808803AE0A34B0022F2F757
:10DB30008BFD82468B46BBE7009E52465B46DDE985
:10DB40000601F2F7ABFEF3F72FF80746F2F712FDE6
:10DB500052465B46F2F778FD02460B46DDE90601C8
:10DB6000F2F7BAFB07F1300C009C06F801CBA6EBEC
:10DB7000040C049C644502460B4633D1F2F7AEFB1D
:10DB800052465B4604460D46F2F7EEFFC0B95246D8
:10DB90005B4620462946F2F7BFFF08B1FB070FD4CA
:10DBA0000199484600F0BAFB0023139A337008F13C
:10DBB00001031360239B002B3FF4E6AC1E60E3E4FB
:10DBC000CDF8088033461E4613F8012D392A06D1B8
:10DBD000009A9A42F7D1029A01320292302201321F
:10DBE0001A709FE7744B0022F2F72EFD02460B4697
:10DBF000CDE9062300220023F2F78EFF00289CD0F7
:10DC0000CEE70B9A002A00F0E3800A9A012A00F37B
:10DC1000C280149A002A00F0BA8003F23343099DAF
:10DC20003E46089A01211A4448461F44089200F0D3
:10DC300029FC044656B1089B002B07DDB342089A25
:10DC4000A8BF3346FF1AF61AD31A0893099B0BB3E1
:10DC50000B9B002B00F0C380002D00F0BD802146FF
:10DC60002A46484600F0CEFC019A01460446484642
:10DC700000F01EFC01998246484600F04FFB099BCC
:10DC80005B1B099300F0AE80099A5146484600F0AC
:10DC9000B9FC01900121484600F0F4FB0D9B0546BC
:10DCA000002B00F0D7811A460146484600F0AAFC36
:10DCB0000A9B012B054600F39D800E9B002B40F034
:10DCC00094800F9BC3F31303002B40F08E800F9BB7
:10DCD00023F000431B0D1B05002B00F08980089BDF
:10DCE0000133013708934FF0010A0D9B002B00F020
:10DCF000B7812B6905EB8303186900F077FBC0F14E
:10DD00002000089B184410F01F007ED0C0F12003B3
:10DD1000042B72DD089BC0F11C0003440744064439
:10DD20000893002F05DD01993A46484600F0C6FCED
:10DD30000190089B002B05DD29461A46484600F055
:10DD4000BDFC0546129B002B61D00198294600F0CE
:10DD500023FD00285BDA08F1FF33029301990023C9
:10DD60000A22484600F0FCFA0B9B0190002B00F0C1
:10DD70007981002321460A22484600F0F1FA059BEA
:10DD8000002B044672DC0A9B022B49DC6EE0169BDA
:10DD9000C3F1360343E7049B5D1E099BAB420DDBD9
:10DDA0005D1B049B002BBFF63BAF049BFE1A0023B8
:10DDB00037E700BF0000E03F00002440099B0D9AB8
:10DDC0000995EB1A1A440D92049B3E46002528E75C
:10DDD000099D0B9C3E462DE7DDF804A054E7099A07
:10DDE000019953E7CDF804A054E74FF0000A7CE70F
:10DDF0009A467AE74FF0000A7BE792D0089A1C33E4
:10DE00001A441F441E4408928BE70346F6E7049B1E
:10DE1000CDF80880002B23DC05930A9B022B21DD23
:10DE2000059B002B7FF4B0AD29460522484600F043
:10DE300097FA01460546019800F0AEFC00287FF7EE
:10DE4000A3AD009E312306F8013B029B01330293F0
:10DE50009EE535462C46F4E7049DCDF80880F9E7A9
:10DE6000049B05930B9B002B00F00081002E05DD29
:10DE700021463246484600F021FC0446BAF1000F24
:10DE80005AD06168484600F00BFA064628B9824B22
:10DE9000024640F2EF21FFF73EBB226902329200B8
:10DEA00004F10C010C30FFF788FA01223146484694
:10DEB00000F004FC0746009B009A03F1010B059B50
:10DEC000134406930E9B03F0010308930BF1FF33F9
:10DED000294601980493FFF77EFA2146059000F148
:10DEE000300A019800F058FC3A46804629464846D8
:10DEF00000F06EFCC268064602BB0146019800F0C5
:10DF00004BFC024631464846099200F007FADDE92B
:10DF1000092342EA0301089B19435E4610D1BAF176
:10DF2000390F2BD0B8F1000F02DD059B03F1310A48
:10DF3000049B83F800A02DE52746BCE70122E1E71A
:10DF4000B8F1000F06DB0A9B48EA0308089B58EA71
:10DF5000030820D1002AEBDD01990122484600F098
:10DF6000ADFB2946019000F017FC002803DCDFD14F
:10DF70001AF0010FDCD0BAF1390FD6D1049A392347
:10DF8000137033461E46013B16F8012C392A52D035
:10DF900001321A70FEE4002A07DDBAF1390FEDD024
:10DFA000049A0AF101031370F4E4069B0BF801AC28
:10DFB0005B452AD0019900230A22484600F0D0F997
:10DFC000BC4201904FF000034FF00A022146484640
:10DFD00006D100F0C5F9044607460BF1010B75E7C1
:10DFE00000F0BEF93946044600230A22484600F0F4
:10DFF000B7F90746F1E7059B5E1E002B009BD8BFD3
:10E0000000265A1C2746164400240199012248463E
:10E0100000F054FB2946019000F0BEFB0028B0DC64
:10E0200002D11AF0010FACD133461E4613F8012D70
:10E03000302AFAD0AEE4009A9A42A3D1029B01336F
:10E0400002933123AFE7239B002B7FF498AA134B55
:10E05000FFF7B7BA0A9B012B7FF72FAEDDF834A08C
:10E0600001204EE6059B002B7FF7D7AE009E01985E
:10E070002946FFF7B0F900F1300A009B06F801AB22
:10E08000F21A059B9342B6DD019900230A22484605
:10E0900000F066F90190EAE774F60008F8F5000868
:10E0A00038B50546002941D051F8043C0C1F002B1F
:10E0B000B8BFE41800F0E8F81D4A136833B963608C
:10E0C00014602846BDE8384000F0E4B8A34208D9FF
:10E0D000206821188B4201BF19685B68091821600C
:10E0E000EDE71A465B680BB1A342FAD911685018E4
:10E0F000A0420BD120680144501883421160E0D146
:10E1000018685B68536008441060DAE702D90C2392
:10E110002B60D6E7206821188B4204BF19685B6822
:10E12000636004BF091821605460CAE738BD00BFAE
:10E130008C510020024B0146186800F025B800BF42
:10E14000C804002070B50F4E0C463168054611B961
:10E1500000F0D8FC30602146284600F0D3FC431C78
:10E1600003D14FF0FF34204670BDC41C24F00304DB
:10E17000A042F8D0211A284600F0C4FC0130F2D1A8
:10E18000EFE700BF885100202DE9F843CD1C25F0B2
:10E19000030508350C2D38BF0C25002D064601DB84
:10E1A000A94204D90C2333600020BDE8F883DFF8CE
:10E1B000D48000F069F8D8F800301C4644BB2946EA
:10E1C0003046FFF7BFFF431C044658D1D8F8004043
:10E1D0002746002F43D1002C4BD0236839463046C8
:10E1E00004EB030900F08EFC814542D121686D1AD1
:10E1F00029463046FFF7A6FF01303AD023682B446A
:10E200002360D8F800305A6862BBC8F800700FE08D
:10E210002268521B20D40B2A17D96119A34225600A
:10E2200018BF5960636808BFC8F8001062514B609E
:10E23000304600F02FF804F10B00231D20F00700FA
:10E24000C21A1CBF1B1AA350AFE76268A3420CBFDF
:10E25000C8F800205A60EBE723466468AEE73C4606
:10E260007F68B6E71A465B68A342FBD10023536080
:10E27000DEE70C233360304600F00CF894E70560CD
:10E28000D6E700BF8C5100200148FFF794B800BFCB
:10E29000845100200148FFF78FB800BF845100204F
:10E2A00070B5C46905460E4684B91020FFF742FFD9
:10E2B0000446E86128B90246164B17486B2100F066
:10E2C00031FC0023C0E901330360C360E36853B944
:10E2D00021220421284600F043FCEB69E060DB6862
:10E2E0000BB9002070BD53F8260030B1026843F826
:10E2F00026200023C0E90333F4E7012101FA06F4E4
:10E30000621D9200284600F02BFC0028E9D0C0E9ED
:10E310000164EEE705F6000885F6000870B5C669E9
:10E3200005460C4676B91020FFF704FF0246E86167
:10E3300020B9094B09488F2100F0F4FBC0E90166C0
:10E340000660C6603CB1EB696268DB6853F8221076
:10E35000216043F8224070BD05F6000885F60008EC
:10E360002DE9F0410D6907460C461E4601F1140CDB
:10E370000020DCF8003099B202FB01611E0C0B0C8E
:10E3800002FB063389B2013001EB034185424CF8B0
:10E39000041B4FEA1346ECDC0EB3A368AB4219DC56
:10E3A000616838460131FFF77BFF804628B9024695
:10E3B0000C4B0D48BA2100F0B5FB2269023204F182
:10E3C0000C0192000C30FEF7F8FF21463846FFF7AB
:10E3D000A5FF444604EB850301355E6125612046B7
:10E3E000BDE8F08174F6000885F60008B0F5803FBE
:10E3F000034636BF030400201020B3F1807F3CBFEA
:10E400001B020830B3F1805F3CBF1B010430B3F145
:10E41000804F3CBF9B000230002B05DB13F0804F88
:10E4200000F1010008BF202070470368024613F086
:10E4300007000BD0D90721D4980749BF5B089B0878
:10E44000012013605CBF13600220704799B209B9C4
:10E450001B0C1020D9B209B908301B0A190704BFD8
:10E460001B090430990704BF9B080230D90703D465
:10E470005B0800F1010003D0136070470020704773
:10E480002020704710B50C460121FFF709FF024616
:10E4900028B9054B054840F2451100F043FB012324
:10E4A0004461036110BD00BF74F6000885F60008E2
:10E4B0002DE9F04FD1F81090D2F810A0D14585B0D9
:10E4C0008846144604DB53460C46CA469046994695
:10E4D000A36861680AEB0906B342B8BF0131FFF7D0
:10E4E000DFFE30B90246454B45484FF4B17100F0AC
:10E4F00019FB00F1140505EB86072B460022BB42F1
:10E500001FD304F1140C08F114010CEB8A0301EB86
:10E51000890202921A1B153A22F0030215349C421A
:10E5200088BF00220192029A03918A420CD8002EE1
:10E5300003DD57F8043D002B5DD0066105B0BDE852
:10E54000F08F43F8042BDAE7B1F800A0BAF1000F1E
:10E5500024D0E046A9464FF0000E58F8042BD9F815
:10E5600000401FFA82FBA4B20AFB0B444FEA124B95
:10E57000D9F8002074444FEA124E0AFB0BE202EB7A
:10E580001442A4B244EA0244434549F8044B4FEA1A
:10E59000124EE2D8019AAA18C2F804E0039AB2F81F
:10E5A00002800431B8F1000F23D02A68E646914674
:10E5B000AA464FF0000BBEF8004008FB04B404EB81
:10E5C000194492B242EA04424AF8042B5EF8042B42
:10E5D000DAF800904FEA124B1FFA89F208FB0B227F
:10E5E00002EB144273454FEA124BE4D8019C2C19FC
:10E5F0006260043597E7013E99E700BF74F60008B2
:10E6000085F600082DE9F843174612F0030280460C
:10E610000D4607D0264C013A002354F82220FFF77C
:10E620009FFE0546BF103FD0D8F81C4094B910207B
:10E63000FFF780FD0446C8F81C0030B902461D4BA8
:10E640001D4840F2B31100F06DFA0023C0E9013318
:10E650000360C360A66846B940F271214046FFF7E7
:10E6600011FF0023A060064603602C464FF000090E
:10E6700007F001037F1053B1294632464046FFF7A9
:10E6800017FF214605464046FFF748FE67B1306850
:10E6900038B9324631464046FFF70AFF3060C0F8CD
:10E6A000009006462C46E3E72846BDE8F88300BF05
:10E6B00038F7000805F6000885F600082DE9F84F40
:10E6C0000C464968236903EB6218A36807461546A0
:10E6D0004FEA621A08F101094B450BDB3846FFF798
:10E6E000DFFD064648B90246294B2A484FF4EF7130
:10E6F00000F018FA01315B00EEE7002300F1140C82
:10E7000000F110021946534535DB22692AEAEA7AFC
:10E710000CEB8A0C04F1140315F01F0E614603EB99
:10E7200082022CD0CEF1200A002518688B4600FA10
:10E730000EF02843CBF8000053F8045B9A4201F135
:10E74000040125FA0AF5F0D8131B153B23F0030347
:10E7500004F115018A4238BF00239C44CCF80450D0
:10E7600005B9C1463846C6F810902146FFF7D6FDD8
:10E770003046BDE8F88F42F8041F0133C3E753F871
:10E78000045B0D609A4201F10401F8D8E9E700BF8B
:10E7900074F6000885F600080A6903460069801AC5
:10E7A00030B50ED11433143103EB820401EB820136
:10E7B00054F8045D51F8042D954203D005D24FF072
:10E7C000FF3030BDA342F3D3FBE70120F9E700009F
:10E7D0002DE9F74F8A460646114650461446FFF784
:10E7E000DBFF051E12D129463046FFF759FD0246D0
:10E7F00028B9414B40F23721404800F093F90123FA
:10E80000C0E90435104603B0BDE8F08FBCBF5346E5
:10E81000A2463046DAF80410BABF1C46012500258E
:10E82000FFF73EFD024618B9334B40F24521E3E7BE
:10E83000DAF810702669C5600AF1140904F1140EA3
:10E8400000F114050AF1100309EB87080EEB8606A8
:10E850000193AB464FF0000C019B5EF8040B53F89C
:10E8600004AF01931FFA8AF3194683B2CB1A000C46
:10E870006344C0EB1A4000EB23409BB243EA0043E1
:10E8800076454BF8043B4FEA204CE5D8331B153B4B
:10E89000153423F00303A64238BF0023E8184B4485
:10E8A0001C1D04302646A5EB0905464506EB050E62
:10E8B0000ED308F10301091B21F003010133984530
:10E8C00038BF0021014451F8043D9BB1176199E71D
:10E8D00056F8041BE2464FEA11491CFA81FC5144E8
:10E8E00009EB2C4989B241EA09414FEA294CCEF89B
:10E8F0000010DAE7013FE6E774F6000885F6000845
:10E900002DE9F7430F46012159EC108B1646FFF70E
:10E91000C7FC044630B90246234B244840F20F316D
:10E9200000F000F9C9F30A55C9F313030DB143F41C
:10E9300080130193B8F1000323D068460093FFF7DA
:10E9400074FD0099D8B1019AC0F1200302FA03F3D3
:10E950000B43C24063610192019BA361002B0CBF7A
:10E96000012202222261A5B1A5F2334505443D6092
:10E97000C0F135003060204603B0BDE8F08361612E
:10E98000EAE701A8FFF751FD019B636120300122F6
:10E99000E8E704EB8203A0F2324038601869FFF721
:10E9A00025FDC0EB4210E5E774F6000885F6000887
:10E9B000B1F90C202DE9F041160705460C4651D45B
:10E9C0004B68002B02DC0B6C002B49DDE66A002E45
:10E9D00046D0002312F480522F682B6031D0626D34
:10E9E000A389590705D56368D21A636B0BB1236CF1
:10E9F000D21A0023E66A216A2846B047421CB4F9BD
:10EA00000C3006D129681D2946D8294ACA40D607A4
:10EA100042D500226260D9042269226004D5421CDA
:10EA200001D12B6803B96065616B2F60C1B104F13E
:10EA30004403994202D02846FFF732FB0023636368
:10EA40000EE0216A01232846B0470246501CC7D178
:10EA50002B68002BC4D01D2B01D0162B1AD12F6090
:10EA600000201EE00F69002FFAD093070E6808BF40
:10EA70004B690F6018BF0023A6EB07088B60B8F145
:10EA8000000FEDDD216AA66A43463A462846B047A4
:10EA9000002808DCB4F90C3043F04003A3814FF0A8
:10EAA000FF30BDE8F0810744A8EB0008E7E700BFAE
:10EAB0000100402038B50B6905460C4613B9002506
:10EAC000284638BD18B1036A0BB9FEF77DFBB4F9CF
:10EAD0000C30002BF3D0626ED00704D4990502D419
:10EAE000A06DFEF768FC28462146FFF761FF636EC4
:10EAF000DA070546E4D4A3899B05E1D4A06DFEF7AF
:10EB00005BFCDDE738B5064D0023044608462B6064
:10EB1000FCF708FF431C02D12B6803B1236038BD0A
:10EB2000805100201FB514461A46094B1B68054644
:10EB3000D8684CB1074B0091CDE9013406492B460A
:10EB400000F042F800F052F8044B1C46F3E700BF17
:10EB5000C8040020E8F60008F5F6000823F70008CE
:10EB600070B5A1FB025434B92946FFF70DFB0646E8
:10EB700028B9304670BD0C2202600026F9E72A460B
:10EB80002146FEF79BFBF4E782B001B901A942B12F
:10EB90004BB113780B601278101E18BF012002B021
:10EBA00070471046FBE76FF00100F8E703460846A0
:10EBB00041B1FF2A04D98A221A604FF0FF30704712
:10EBC0000A700120704700000EB403B5014603AB84
:10EBD000054853F8042B0068019300F037F802B0A1
:10EBE0005DF804EB03B07047C804002008B50620A8
:10EBF00000F0FAF90120FCF7E3FE9368013B002BDB
:10EC000010B4936008DA9469A34201DB0A2903D1A6
:10EC10005DF8044B00F02EB91368581C1060197091
:10EC200008465DF8044B7047F8B506460F46144693
:10EC3000D518AC4201D1002007E014F8011B3A4678
:10EC40003046FFF7DAFF431CF3D1F8BD2DE9F0475A
:10EC50000D469CB014461F46064618B1036A0BB910
:10EC6000FEF7B2FA6B6ED90705D4AB899A0502D4C8
:10EC7000A86DFEF7A0FBAB891B0701D52B699BB9DB
:10EC80002946304600F034F970B16B6EDC0704D5CC
:10EC90004FF0FF301CB0BDE8F087AB899805F7D482
:10ECA000A86DFEF789FBF3E70023099320238DF875
:10ECB0002930039730236A4F8DF82A304FF001082E
:10ECC0002346994613F8012B0AB1252AF9D1B9EB4D
:10ECD000040A0BD05346224629463046FFF7A4FFCC
:10ECE000013000F0A480099A5244099299F800304A
:10ECF000002B00F09C8000234FF0FF32CDE905236C
:10ED000009F10109049307938DF853301A934C4687
:10ED1000534814F8011B0522F1F782FA049BD0B97D
:10ED2000D90644BF20228DF853201A0744BF2B2256
:10ED30008DF8532099F800202A2A13D0079A4C46C0
:10ED400000204FF00A0C214611F8013B303B092B03
:10ED500049D968B913E0C01B08FA00F018430490C1
:10ED6000A146D4E7039A111D12680391002A01DB22
:10ED7000079204E0524243F002030792049323787F
:10ED80002E2B0AD163782A2B32D1039B1A1D1B68C4
:10ED9000039243EAE37302340593DFF8D4902178B9
:10EDA00003224846F1F73CFA38B1049BA0EB090076
:10EDB0004022824013430134049314F8011B294874
:10EDC0008DF828100622F1F72BFA00283ED02648AD
:10EDD00018BB039B073323F0070308330393099BF6
:10EDE000034409936CE70CFB02320C460120AAE7AE
:10EDF00000230134059319464FF00A0C204610F801
:10EE0000012B303A092A03D9002BC6D00591C4E75B
:10EE10000CFB012104460123F0E703AB00932A46D3
:10EE2000124B04A93046FDF785FD431CD7D16B6E0C
:10EE3000D90705D4AB899A0502D4A86DFEF7BCFAB0
:10EE4000AB895B063FF524AF099823E703AB00933A
:10EE50002A46064B04A93046FEF702F8E5E700BF54
:10EE600024F700082EF7000835C9000829EC00082F
:10EE70002AF70008F8B50E461446054618B1036A8D
:10EE80000BB9FEF7A1F9A369A360A3891A0701D5FD
:10EE9000236943B92146284600F02AF818B14FF0FB
:10EEA000FF373846F8BD23682269981A6369F6B2BD
:10EEB0008342374605DC21462846FFF7FBFD002844
:10EEC000EDD1A368013BA36023685A1C22601E7029
:10EED0006269431C9A4204D0A389DB07E1D50A2E5C
:10EEE000DFD121462846FFF7E5FD0028D9D0D6E737
:10EEF00038B5284B054618680C4618B1036A0BB99B
:10EF0000FEF762F9B4F90C301A0721D4D80607D4F9
:10EF100009222A6043F04003A3814FF0FF3030E024
:10EF2000590712D5616B41B104F14403994202D0F3
:10EF30002846FFF7B5F8002363630022B4F90C30CC
:10EF400062602269226023F0240343F00803A38156
:10EF500022693AB99A0501D5180603D521462846F3
:10EF600000F082F8B4F90C3013F001020AD000224C
:10EF7000A26062695242A261226942B913F0800024
:10EF8000C8D138BD990758BF6269A260F4E7002074
:10EF9000F7E700BFC80400201F2938B505460C4616
:10EFA00004D9162303604FF0FF3038BDC26B12B195
:10EFB00052F821304BB9284600F030F8224601467D
:10EFC0002846BDE8384000F017B8012B0AD0591C7C
:10EFD00003D1162303600120E7E7002142F8241043
:10EFE000204698470020E0E7024B01461868FFF7EB
:10EFF000D3BF00BFC804002038B5074D0023044626
:10F00000084611462B60FCF7CBFC431C02D12B6851
:10F0100003B1236038BD00BF80510020FCF7B8BCAD
:10F0200070B50C46B1F90E10002996B015461E4673
:10F030000ADAA18911F0800113D14FF48062002017
:10F0400031602A6016B070BD6A4600F047F80028AB
:10F05000EFDB019901F47041A1F500535942594188
:10F06000EBE700214022EAE78B8973B59E0705464E
:10F070000C4607D504F14703236023610123636134
:10F0800002B070BD01AB6A46FFF7CAFF009E28467A
:10F090003146FFF779F8B4F90C3038B99A05EFD456
:10F0A00023F0030343F00203A381E3E743F080036B
:10F0B000A381019B2060C4E90406002BE0D0B4F9D1
:10F0C0000E10284600F01CF80028D9D0A38923F0A0
:10F0D000030343F00103A381D2E7000038B5074DD5
:10F0E00000230446084611462B60FCF7B9FC431C7C
:10F0F00002D12B6803B1236038BD00BF80510020CE
:10F1000038B5064D0023044608462B60FCF7B8FCD2
:10F11000431C02D12B6803B1236038BD805100200D
:10F12000F8B500BFF8BC08BC9E467047F8B500BFF4
:08F13000F8BC08BC9E467047C4
:10F138005465726D696E616C00000000446562750B
:10F14800674361707475726500000000000000007C
:10F1580000000000000000000100000000000000A6
:10F16800000000008195534000F07F450001000039
:10F1780000000000000061008A5800000000000044
:10F188000000000001010001000100010001000170
:10F1980000010001000100000000000000005454BC
:10F1A8005220524547474553000000000000000028
:10F1B8000000803F00000000000000000100000087
:10F1C8000000803F00000000010000000201000074
:10F1D8000000803F00000000010000000000000067
:10F1E800000000000102030406070809000FC93FD8
:10F1F800000F494000CB9640000FC9400053FB4028
:10F2080000CB164100ED2F41000F4941003162410A
:10F2180000537B41003A8A4100CB9641005CA341F0
:10F2280000EDAF41007EBC41000FC94100A0D541AF
:10F238000031E24100C2EE410053FB4100F20342BB
:10F24800003A0A420083104200CB164200141D42C5
:10F25800005C234200A5294200ED2F4200363642C9
:10F26800007E3C4200C74242000F4942A200000013
:10F27800F9000000830000006E0000004E0000004E
:10F28800440000001500000029000000FC000000F8
:10F298002700000057000000D1000000F500000022
:10F2A80034000000DD000000C0000000DB000000AA
:10F2B8006200000095000000990000003C0000007A
:10F2C800430000009000000041000000FE00000024
:10F2D8005100000063000000AB000000DE000000E9
:10F2E800BB000000C500000061000000B70000007E
:10F2F800240000006E0000003A00000042000000F8
:10F308004D000000D2000000E000000006000000F0
:10F31800490000002E000000EA000000090000007B
:10F32800D1000000920000001C000000FE00000058
:10F338001D000000EB0000001C000000B1000000F0
:10F3480029000000A70000003E000000E8000000BF
:10F358008200000035000000F50000002E000000CB
:10F36800BB0000004400000084000000E900000029
:10F378009C0000007000000026000000B40000009F
:10F388005F0000007E00000041000000390000001E
:10F3980091000000D6000000390000008300000042
:10F3A8005300000039000000F40000009C00000039
:10F3B800840000005F0000008B000000BD0000001A
:10F3C800F9000000280000003B0000001F000000BA
:10F3D800F800000097000000FF000000DE000000B9
:10F3E80005000000980000000F000000EF0000007A
:10F3F8002F000000110000008B0000005A000000E0
:10F408000A0000006D0000001F0000006D000000F1
:10F41800360000007E000000CF000000270000003A
:10F42800CB00000009000000B70000004F000000FA
:10F43800460000003F000000660000009E0000003B
:10F448005F000000EA0000002D00000075000000C9
:10F4580027000000BA000000C7000000EB00000011
:10F46800E5000000F10000007B0000003D00000006
:10F478000700000039000000F70000008A000000C3
:10F488005200000092000000EA0000006B0000003B
:10F49800FB0000005F000000B10000001F0000003A
:10F4A8008D0000005D00000008000000560000000C
:10F4B800030000003000000046000000FC000000CF
:10F4C8007B0000006B000000AB000000F0000000B3
:10F4D800CF000000BC000000200000009A000000DF
:10F4E800F4000000360000001D000000A900000024
:10F4F800E300000091000000610000005E000000D1
:10F50800E60000001B000000080000006500000085
:10F5180099000000850000005F0000001400000052
:10F52800A000000068000000400000008D000000FE
:10F53800FF000000D8000000800000004D0000001F
:10F5480073000000270000003100000006000000E2
:10F55800060000001500000056000000CA00000068
:10F5680073000000A8000000C9000000600000004F
:10F57800E20000007B000000C00000008C000000DA
:10F588006B0000000000C93F0000F0390000DA37C6
:10F598000000A2330000842E0000502B0000C22778
:10F5A8000000D0220000C41F0000C61B0000441742
:10F5B800040000000700000009000000494E460052
:10F5C800696E66004E414E006E616E00300030314B
:10F5D80032333435363738394142434445460030B2
:10F5E80031323334353637383961626364656600E1
:10F5F800496E66696E697479004E614E00524545E0
:10F608004E54206D616C6C6F632073756363656520
:10F61800646564002F6275696C642F676E752D745C
:10F628006F6F6C732D666F722D73746D33325F312B
:10F63800342E332E72656C312E3230323531303201
:10F64800372D303730302F7372632F6E65776C69C2
:10F65800622F6E65776C69622F6C6962632F7374B1
:10F66800646C69622F64746F612E630042616C6C14
:10F678006F6320737563636565646564002F6275E5
:10F68800696C642F676E752D746F6F6C732D666F60
:10F69800722D73746D33325F31342E332E72656C74
:10F6A800312E32303235313032372D303730302F3D
:10F6B8007372632F6E65776C69622F6E65776C69FC
:10F6C800622F6C6962632F7374646C69622F6D704A
:10F6D8007265632E63004300504F534958002E0053
:10F6E8002C2066756E6374696F6E3A2000617373BF
:10F6F800657274696F6E2022257322206661696CB9
:10F7080065643A2066696C6520222573222C206C7A
:10F71800696E65202564257325730A00232D302B17
:10F728002000686C4C00656667454647000000008D
:10F7380005000000190000007D0000000000000026
:10F748000080E03779C34143176E05B5B5B89346D5
:10F75800F5F93FE9034F384D321D30F94877825AA1
:10F768003CBF737FDD4F1575000000000000F03FBF
:10F778000000000000002440000000000000594084
:10F788000000000000408F40000000000088C340D7
:10F7980000000000006AF8400000000080842E414C
:10F7A80000000000D01263410000000084D7974198
:10F7B8000000000065CDCD41000000205FA002429E
:10F7C800000000E876483742000000A2941A6D4213
:10F7D800000040E59C30A2420000901EC4BCD64206
:10F7E80000003426F56B0C430080E03779C34143B1
:10F7F80000A0D8855734764300C84E676DC1AB4327
:10F80800003D9160E458E143408CB5781DAF154444
:10F8180050EFE2D6E41A4B4492D54D06CFF080441F
:10F82800F64AE1C7022DB544B49DD9794378EA4434
:10F8380000202020202020202020282828282820B8
:10F8480020202020202020202020202020202020B0
:10F858002088101010101010101010101010101018
:10F868001004040404040404040404101010101008
:10F8780010104141414141410101010101010101D2
:10F888000101010101010101010101011010101024
:10F8980010104242424242420202020202020202A4
:10F8A80002020202020202020202020210101010F8
:10F8B8002000000000000000000000000000000020
:10F8C8000000000000000000000000000000000030
:10F8D8000000000000000000000000000000000020
:10F8E8000000000000000000000000000000000010
:10F8F8000000000000000000000000000000000000
:10F9080000000000000000000000000000000000EF
:10F9180000000000000000000000000000000000DF
:10F9280000000000000000000000000000000000CF
:04F9380000000000CB
:08F93C00E408FF7F0100000058
:04F9440005020008B0
:04F94800E1010008D1
:10F94C000000000000000400010000000C0000009A
:10F95C00406A0000010000000000200004000000CC
:10F96C00000300008A580000020000000000400064
:10F97C0005000000000C00008A5800000000000088
:10F98C00000000000000000000000000000000006B
:10F99C00000000000000000000000000000000005B
:10F9AC0001000000000000000000000081955340A1
:10F9BC0000F07F4500010000000000000000000086
:10F9CC00000000000000000000000000000000002B
:10F9DC00000000000000000000000000000000001B
:10F9EC00000000000000000000000000000000000B
:10F9FC0000000000000000000000000000000000FB
:10FA0C0000000000000000000000000000000000EA
:10FA1C0000000000000000000100000000000000D9
:10FA2C00000000008195534000F07F45000100006C
:10FA3C0000000000000000000000000000000000BA
:10FA4C0000000000000000000000000000000000AA
:10FA5C00000000000000000000000000000000009A
:10FA6C00000000000000000000000000000000008A
:10FA7C00000000000000000000000000000000007A
:10FA8C00000000000000000000000000000000006A
:10FA9C00000000000000000000000000000000005A
:10FAAC00000000000000000000000000000000004A
:10FABC0000000000000000000000000000E0FB441B
:10FACC0000E0FB440B09B30600000000000000003E
:10FADC000100000001000000000000000000000018
:10FAEC000000000001000000010000000000000008
:10FAFC000000000000000000CDCCCC3D0000000058
:10FB0C0000000000CDCCCC3D000000000000000047
:10FB1C0000000000000000000000000000000000D9
:10FB2C0000000000000000000000000000000000C9
:10FB3C0000000000000000000000000000000000B9
:10FB4C0000000000000000000000000000000000A9
:10FB5C000000000000000000000000000000000099
:10FB6C000000000000000000000000000000000089
:10FB7C000000000000000000000000000000000079
:10FB8C000000000000000000000000000000000069
:10FB9C000000000000000000000000000000000059
:10FBAC000000000000000000000000000000000049
:10FBBC000000000000000000000000000000000039
:10FBCC000000000000000000000000000000000029
:10FBDC000000000000000000000000000000000019
:10FBEC000000000000000000000000000000000009
:10FBFC0000000000000000000000000000000000F9
:10FC0C0000000000000000000000000000000000E8
:10FC1C0000000000000000000000000000000000D8
:10FC2C0000000000000000000000000000000000C8
:10FC3C0000000000000000000000000000000000B8
:10FC4C0000000000000000000000000000000000A8
:10FC5C000000000000000000000000000000000098
:10FC6C000000000000000000000000000000000088
:10FC7C000000000000000000000000000000000078
:10FC8C000000000000000000000000000000000068
:10FC9C000000000000000000000000000000000058
:10FCAC000000000000000000000000000000000048
:10FCBC000000000000000000000000000000000038
:10FCCC000000000000000000000000000000000028
:10FCDC000000000000000000000000000000000018
:10FCEC000000000000000000000000000000000008
:10FCFC0000000000000000000000000000000000F8
:10FD0C0000000000000000000000000000000000E7
:10FD1C0000000000000000000000000000000000D7
:10FD2C000000803F00000000000000000000000008
:10FD3C0000000000000000000000000000000000B7
:10FD4C0000000000000000000000000000000000A7
:10FD5C0000000000000000000000000000007042E5
:10FD6C000000000000000000000000000000000087
:10FD7C000000000000000000000000000000000077
:10FD8C000000000000000000000000000000000067
:10FD9C000000000000000000000000000000000057
:10FDAC000000000000000000000000000000000047
:10FDBC000000000000000000010000000100000035
:10FDCC000000000000000000000000000100000026
:10FDDC000100000000000000000000000000000016
:10FDEC000100000001000000000000000000000005
:10FDFC0010000000010000000024F40000000000CE
:10FE0C000300000044500020CC040020000000003F
:10FE1C0044500020AC500020145100200000000081
:10FE2C0000000000000000000000000000000000C6
:10FE3C0000000000000000000000000000000000B6
:10FE4C0000000000000000000000000000000000A6
:10FE5C000000000000000000430000000000000053
:10FE6C000000000000000000000000000000000086
:10FE7C000000000000000000430000000000000033
:10FE8C000000000000000000000000000000000066
:10FE9C000000000000000000430000000000000013
:10FEAC000000000000000000000000000000000046
:10FEBC0000000000000000004300000000000000F3
:10FECC000000000000000000000000000000000026
:10FEDC0000000000000000004300000000000000D3
:10FEEC000000000000000000000000000000000006
:10FEFC0000000000000000004300000000000000B3
:10FF0C0000000000000000000000000000000000E5
:10FF1C000000000000000000430000000000000092
:10FF2C0000000000000000000000000000000000C5
:10FF3C000000000000000000ADEB000889EB000899
:10FF4C000000000038F80008E6F6000823F7000867
:10FF5C0023F7000823F7000823F7000823F700080D
:10FF6C0023F7000823F7000823F7000823F70008FD
:10FF7C00FFFFFFFFFFFFFFFFFFFFFFFFFFFF000083
:10FF8C0001004153434949000000000000000000FB
:10FF9C000000000000000000000000000000000055
:10FFAC0000004153434949000000000000000000DC
:10FFBC000000000000000000000000000000000035
:04FFCC000000000031
:040000050800BAB184
:00000001FF
