:020000040800F2
:100000000000022011940008D92A0008E12A000803
:10001000E92A0008F12A0008F92A00080000000077
:10002000000000000000000000000000012B00089C
:100030000F2B0008000000001D2B00082B2B0008D0
:1000400061940008619400086194000861940008BC
:1000500061940008619400086194000861940008AC
:10006000619400086194000861940008619400089C
:1000700061940008392B00084D2B0008612B000803
:10008000619400086194000861940008619400087C
:10009000619400086194000861940008619400086C
:1000A000619400086194000861940008619400085C
:1000B000619400086194000861940008619400084C
:1000C000619400086194000861940008619400083C
:1000D000619400086194000861940008619400082C
:1000E000619400086194000861940008619400081C
:1000F000619400086194000861940008619400080C
:1001000061940008752B0008892B00086194000891
:1001100061940008619400089D2B00086194000818
:10012000B12B0008619400086194000861940008F4
:1001300061940008619400086194000861940008CB
:1001400061940008619400086194000861940008BB
:1001500061940008619400086194000861940008AB
:10016000619400086194000861940008619400089B
:10017000619400086194000861940008619400088B
:10018000619400086194000861940008619400087B
:100190006194000800000000619400086194000868
:1001A000619400086194000861940008619400085B
:1001B000619400086194000861940008619400084B
:1001C000619400086194000861940008619400083B
:0801D00061940008619400082D
:1001D80010B5054C237833B9044B13B10448AFF379
:1001E80000800123237010BD7C0000200000000067
:1001F8008094000808B5034B1BB103490348AFF3CB
:10020800008008BD000000008000002080940008E5
:1002180081F0004102E000BF83F0004330B54FEAAF
:1002280041044FEA430594EA050F08BF90EA020F1C
:100238001FBF54EA000C55EA020C7FEA645C7FEAAF
:10024800655C00F0E2804FEA5454D4EB5555B8BFD2
:100258006D420CDD2C4480EA020281EA030382EA43
:10026800000083EA010180EA020281EA0303362DD5
:1002780088BF30BD11F0004F4FEA01314FF4801CA8
:100288004CEA113102D0404261EB410113F0004FBA
:100298004FEA03334CEA133302D0524263EB430371
:1002A80094EA050F00F0A780A4F10104D5F1200E0F
:1002B8000DDB02FA0EFC22FA05F2801841F100016A
:1002C80003FA0EF2801843FA05F359410EE0A5F13E
:1002D80020050EF1200E012A03FA0EFC28BF4CF06F
:1002E800020C43FA05F3C01851EBE37101F0004525
:1002F80007D54FF0000EDCF1000C7EEB00006EEB32
:100308000101B1F5801F1BD3B1F5001F0CD34908BB
:100318005FEA30004FEA3C0C04F101044FEA445212
:1003280012F5800F80F09A80BCF1004F08BF5FEA99
:10033800500C50F1000041EB045141EA050130BD79
:100348005FEA4C0C404141EB0101013C28BFB1F58B
:10035800801FE9D291F0000F04BF01460020B1FAD6
:1003680081F308BF2033A3F10B03B3F120020CDAA9
:100378000C3208DD02F1140CC2F10C0201FA0CF087
:1003880021FA02F10CE002F11402D8BFC2F1200CEC
:1003980001FA02F120FA0CFCDCBF41EA0C019040A2
:1003A800E41AA2BF01EB0451294330BD6FEA0404EB
:1003B8001F3C1CDA0C340EDC04F11404C4F12002D6
:1003C80020FA04F001FA02F340EA030021FA04F3E8
:1003D80045EA030130BDC4F10C04C4F1200220FA3F
:1003E80002F001FA04F340EA0300294630BD21FA7D
:1003F80004F0294630BD94F0000F83F4801306BF43
:1004080081F480110134013D4EE77FEA645C18BF36
:100418007FEA655C29D094EA050F08BF90EA020FCD
:1004280005D054EA000C04BF1946104630BD91EAC5
:10043800030F1EBF0021002030BD5FEA545C05D1C8
:100448004000494128BF41F0004130BD14F5800407
:100458003CBF01F5801130BD01F0004545F0FE417B
:1004680041F470014FF0000030BD7FEA645C1ABFB0
:10047800194610467FEA655C1CBF0B46024650EAE7
:10048800013406BF52EA033591EA030F41F4002113
:1004980030BD00BF90F0000F04BF0021704730B599
:1004A8004FF4806404F132044FF000054FF000016E
:1004B80050E700BF90F0000F04BF0021704730B52F
:1004C8004FF4806404F1320410F0004548BF404204
:1004D8004FF000013EE700BF42004FEAE2014FEA59
:1004E80031014FEA02701FBF12F07F4393F07F4F34
:1004F80081F06051704732F07F4208BF704793F037
:100508007F4F04BF41F40021704730B54FF4607449
:1005180001F0004521F000411CE700BF50EA01024C
:1005280008BF704730B54FF000050AE050EA0102F5
:1005380008BF704730B511F0004502D5404261EB65
:1005480041014FF4806404F132045FEA915C3FF4A6
:10055800D8AE4FF003025FEADC0C18BF03325FEA43
:10056800DC0C18BF033202EBDC02C2F1200300FAF4
:1005780003FC20FA02F001FA03FE40EA0E0021FA19
:1005880002F11444BDE600BF4FEA4102B2F1E04374
:1005980024BFB3F5001CDCF1FE5C0DD901F0004C62
:1005A8004FEAC0024CEA5070B2F1004F40EB8300B2
:1005B80008BF20F00100704711F0804F21D113F1DE
:1005C8003872BCBF01F00040704741F480114FEA17
:1005D8005252C2F11802C2F1200C10FA0CF320FAA0
:1005E80002F018BF40F001004FEAC1234FEAD323BD
:1005F80003FA0CFC40EA0C0023FA02F34FEA430327
:10060800CCE77FEA625307D150EA01331EBF4FF0AF
:10061800FE4040F44000704701F0004040F0FE40CA
:1006280040F40000704700BF02440346934200D1E3
:10063800704703F8011BF9E770B50D4B0D4D5B1BB7
:100648009C100026A64209D108F016FF0A4D0B4B54
:100658005B1B9C100026A64205D170BD55F8043BD3
:1006680098470136EEE755F8043B98470136F2E71C
:10067800B0940008B0940008B0940008B49400083E
:100688007047704770B50F4E0C463168054611B972
:1006980000F0A6F830602146284600F0A1F8431C77
:1006A80003D14FF0FF34204670BDC41C24F003046E
:1006B800A042F8D0211A284600F092F80130F2D171
:1006C800EFE700BFD80100202DE9F843CD1C25F045
:1006D800030508350C2D38BF0C25002D064601DB17
:1006E800A94204D90C2333600020BDE8F883DFF861
:1006F800D48000F069F8D8F800301C4644BB29467D
:100708003046FFF7BFFF431C044658D1D8F80040D5
:100718002746002F43D1002C4BD02368394630465A
:1007280004EB030900F05CF8814542D121686D1A99
:1007380029463046FFF7A6FF01303AD023682B44FC
:100748002360D8F800305A6862BBC8F800700FE020
:100758002268521B20D40B2A17D96119A34225609D
:1007680018BF5960636808BFC8F8001062514B6031
:10077800304600F02FF804F10B00231D20F007008D
:10078800C21A1CBF1B1AA350AFE76268A3420CBF72
:10079800C8F800205A60EBE723466468AEE73C4699
:1007A8007F68B6E71A465B68A342FBD10023536013
:1007B800DEE70C233360304600F00CF894E7056060
:1007C800D6E700BFDC0100200148FFF759BF00BF92
:1007D800D40100200148FFF754BF00BFD401002016
:1007E80038B5064D0023044608462B6008F0D6FDB0
:1007F800431C02D12B6803B1236038BDD00100200F
:1008080080B500AF00BF7F212A4803F0FFFC0346F4
:10081800002BF8D100BF7F21274803F0F7FC0346DF
:10082800002BF8D104222549224802F0EBFD0822CA
:100838002349214802F0E6FD1E4B5B6D1B681A68D0
:100848001C4B5B6D1B6822F004021A601A4B5B6D2F
:100858001B681A68184B5B6D1B6822F004021A604B
:10086800184800F006F9184800F003F9174800F096
:1008780000F9174800F0FDF8DFED160AB5EE000A9A
:10088800154800F035F8DFED130A9FED140A1448F7
:1008980000F02EF8182008F0E1FD03461A46114B27
:1008A8001A6004221049114800F090FD0D4B1B6896
:1008B800184680BD6C060020D8060020E001002004
:1008C8000002002024020020F4020020C4030020BB
:1008D800940400200000000064050020CDCC4C3EAC
:1008E8007005002020020020180200207C0500204E
:1008F80080B485B000AFF86087ED020AC7ED010A41
:10090800FB68002B1ED0D7ED027AF5EEC07AF1EE27
:1009180010FA02D80E4BBB600AE0D7ED027AB7EEA8
:10092800007AF4EEC77AF1EE10FA01DB094BBB60EE
:10093800FB68BA681A60FB687A685A60FB6801222B
:100948001A7200E000BF1437BD465DF8047B70479B
:10095800CDCCCC3D6666663F80B485B000AF78608C
:1009680087ED000A7B68002B03D07B681B7A002B7D
:1009780001D13B681AE07B6893ED007AD7ED007AE5
:1009880027EE277A7B68D3ED007AF7EE006A76EED9
:10099800E76A7B68D3ED017A66EEA77A77EE277A65
:1009A800C7ED037A7B68FA685A60FB6807EE903AED
:1009B800B0EE670A1437BD465DF8047B704780B413
:1009C80087B000AFF86087ED020A79607B68013B69
:1009D8007B610FE07B69013BFA689B001344043399
:1009E8001A68F9687B699B000B4404331A607B69B9
:1009F800013B7B617B69002BECDCFB68BA685A60C1
:100A0800FB681B687A689A4202D1FB6800221A6068
:100A1800FB684FF00002C3F8CC2000237B6111E093
:100A2800FB6893ED337AFA687B699B0013440433BF
:100A3800D3ED007A77EE277AFB68C3ED337A7B69CA
:100A480001337B617A697B689A42E9DBFB6893ED45
:100A5800337A7B6807EE903AF8EEE77AC7EE276AB2
:100A6800F0EE667AB0EE670A1C37BD465DF8047B87
:100A7800704780B483B000AF78607B6800221A604A
:100A88007B684FF00002C3F8CC204FF0000307EE5C
:100A9800903AB0EE670A0C37BD465DF8047B7047A4
:100AA80080B586B000AF78607B68584A934240F0C2
:100AB8008380574B1B680133554A13600023FB8220
:100AC80000237B7509E07B7D524A32F81320FB8AAC
:100AD8001344FB827B7D01337B757B7D032BF2D92D
:100AE800FB8A9B089BB21A464B4B1A60FB8A07EE9F
:100AF800903AF8EE677A494B1B781946B0EE670AC8
:100B08004748FFF75CFFB0EE407A464BD3ED007ADA
:100B180067EE277A444BC3ED007AFB8A07EE903ADA
:100B2800F8EE677AB0EE670A4048FFF715FFF0EE77
:100B3800407AFCEEE77A17EE903AFB82FB8A07EEE2
:100B4800903AB8EEE77A374BD3ED007A67EE277A1A
:100B5800374BC3ED007AFB8A07EE903AB8EEE77A96
:100B6800304BD3ED007A27EE277A324BD3ED007A5B
:100B780037EE677A304BD3ED007A67EE277A2F4B42
:100B8800C3ED007A2E4B1B781A46FB8A9B0899B254
:100B98002C4B23F812102A4B1B780133DAB2284B5E
:100BA8001A70274B1B78032B2BD9254B00221A7060
:100BB800254B01221A7024E07B68244A934221D1F4
:100BC80000233B610023FB600023FB7215E0FB7AE6
:100BD8005B001F4A32F813301A463B6913443B61E5
:100BE800FB7A5B0001331A4A32F813301A46FB6865
:100BF8001344FB60FB7A0133FB72FB7A032BE6D9C3
:100C080000E000BF1837BD4680BD00BF6C0600205D
:100C180000060020E0010020EC0500205400002020
:100C2800F402002098940008F405002064050020D0
:100C3800F00500209C94000850000020F8050020D2
:100C48000406002018020020FC050020D806002019
:100C58000002002080B500AFDFED202A9FED202A9A
:100C6800F6EE001A9FED1D1ADFED1E0A9FED1E0A13
:100C780001211E4800F0E3FA4FF480311C4806F0C9
:100C8800A1F94FF400111A4806F09CF94FF48001BD
:100C9800174806F097F9174B1B68144A93621648D1
:100CA80007F010F9FFF7ACFD0346144A1360002261
:100CB8000421134804F072FD00220821104804F0B2
:100CC8006DFD4FF440710A4806F04FF94FF440614A
:100CD800074806F04AF900BF80BD00BF00000000C9
:100CE80085EB113F52499D390AD7233C080600205D
:100CF800A0090020580000206C0B00204C060020A2
:100D08000008004880B500AF00F014F800F044F87F
:100D1800064B1B680133054A1360044B1B68312BD3
:100D280002D9034B00221A7000BF80BD5C06002068
:100D38005006002080B500AF124B1B68124A936220
:100D4800124B1B6893ED007A104B1B68D3ED027AA7
:100D580037EE277A0D4B1B68D3ED017A77EE277AA9
:100D68009FED0B7A67EE877A0A4BC3ED007A094B41
:100D7800D3ED007AB0EE670A034800F071F900BFBE
:100D880080BD00BF58000020080600204C06002047
:100D980036CD133F5406002080B584B000AF002341
:100DA800FB73514B1B8801339AB24F4B1A804E4B41
:100DB8001B8842F21072934202D94B4B00221A80D0
:100DC800494B1B88494AA2FB03125209642101FBC3
:100DD80002F29B1A9BB2002B02D10123FB7301E0A4
:100DE8000023FB73424B1B78002B5CD0FB7B002B52
:100DF80059D0404B1B681846FFF76EFB38A3D3E960
:100E08000023FFF70BFA02460B4610461946FFF778
:100E1800BBFB0346374A1360364BD3ED007A9FED90
:100E2800367AF4EEC77AF1EE10FA03DB314B4FF065
:100E380000021A602F4BD3ED007A9FED307A67EEEF
:100E4800877AFCEEE77AC7ED017A3B79DBB21A467E
:100E58002B4B9A5C2B4B1A70264BD3ED007A9FEDE7
:100E6800277A67EE877AFCEEE77AC7ED017A3B7955
:100E7800DBB21A46224B9B5C002B0AD001220421CC
:100E8800214804F08BFC012208211F4804F086FC4D
:100E980009E0002204211C4804F080FC00220821FB
:100EA800194804F07BFC194B1B6843F22052C3F825
:100EB8009C22164B1B6849F66072C3F8A822134B94
:100EC8001B6843F22052C3F81C23104B1B6849F6D9
:100ED8006072C3F8282300BF1037BD4680BD00BF2D
:100EE8007B14AE47E17A843F580600201F85EB51FA
:100EF8005A06002060060020CDCC4C3E0000C842B7
:100F08005C0000205B06002000080048A0090020C3
:100F180080B582B000AF78607B68334A934202D1D3
:100F2800FFF7F0FE5BE07B68304A934257D1304BC5
:100F38001B78002B23D14FF480612E4804F016FC57
:100F48000346012B03D12A4B01221A7047E04FF4C4
:100F58000061284804F00AFC0346012B03D1244B06
:100F680002221A703BE04FF48051224804F0FEFB45
:100F78000346012B33D11E4B03221A702FE04FF486
:100F880080611C4804F0F2FB0346002B07D1184B84
:100F98001B78012B03D1164B00221A701FE04FF467
:100FA8000061144804F0E2FB0346002B07D1104B04
:100FB8001B78022B03D10E4B00221A700FE04FF45E
:100FC80080510C4804F0D2FB0346002B07D1084B94
:100FD8001B78032B03D1064B00221A70FFE700BFD2
:100FE8000837BD4680BD00BF6C0B0020200B0020D9
:100FF800640600200008004880B582B000AF786021
:101008004FF480610B4804F0B1FB0346012B03D178
:10101800094B01221A700AE003F0D2FA786806F048
:10102800E1FC012000F00CF8044806F04BFF0837FB
:10103800BD4680BD00080048500600206C0B00200B
:1010480080B483B000AF0346FB71044AFB79137088
:1010580000BF0C37BD465DF8047B70475006002082
:1010680080B584B000AF786087ED000A7B68D3ED67
:10107800107AF5EE407AF1EE10FA02D0786800F0B6
:1010880039F97B683A685A627B685A697B689A6161
:101098007B681A697B685A617B6893ED0A7A7B687A
:1010A800D3ED097A77EE677A7B68C3ED047A7B68BB
:1010B8001B78002B5DD17B6893ED047A7B68D3EDB8
:1010C800057A77EE677AC7ED037A7B6893ED077A3E
:1010D8007B68D3ED026A7B68D3ED047A66EEA77A63
:1010E80077EE277A7B68C3ED077A7B6893ED077AFA
:1010F8007B68D3ED087AB4EEE77AF1EE10FA04DDF6
:101108007B681A6A7B68DA6114E07B6893ED077A7A
:101118007B68D3ED087AF1EE677AB4EEE77AF1EE00
:1011280010FA07D57B68D3ED087AF1EE677A7B6809
:10113800C3ED077A7B6893ED017A7B68D3ED047A77
:1011480027EE277A7B68D3ED077A37EE277A7B6814
:10115800D3ED036AD7ED037A66EEA77A37EE277ADE
:101168007B68D3ED0F7A77EE277A7B68C3ED0C7A2C
:101178003DE07B681B78012B39D17B6893ED0C7AB5
:101188007B68D3ED016A7B6893ED046A7B68D3EDD5
:10119800057A76EE677A66EEA76A7B6893ED036A4E
:1011A8007B68D3ED045A7B68D3ED057A77EEA77A8E
:1011B80075EEE75A7B68D3ED067A75EEA77A66EE88
:1011C800277A76EEA76A7B6893ED026A7B68D3ED8F
:1011D800047A66EE277A76EEA76A7B68D3ED0F7AF3
:1011E80076EEA77A77EE277A7B68C3ED0C7A7B6870
:1011F8009A6A7B68DA627B6893ED0C7A7B68D3ED38
:101208000D7AB4EEE77AF1EE10FA04DD7B685A6BDA
:101218007B681A6310E07B6893ED0C7A7B68D3EDEA
:101228000E7AB4EEE77AF1EE10FA00D404E07B68A7
:101238009A6B7B681A6300BF1037BD4680BD80B4C7
:101248008BB000AFF8610B4687ED050AC7ED040ABD
:1012580087ED031AC7ED021A87ED012AC7ED002AA8
:10126800FB76FB69FA7E1A70FB697A695A60FB693A
:101278003A699A60FB69FA68DA60FB69BA681A62C7
:10128800FB697A685A63FB693A689A63FB694FF0AD
:101298000002DA61FB694FF000021A63FB694FF044
:1012A80000025A62FB694FF000029A62FB694FF034
:1012B8000002DA62FB694FF00002DA63FB694FF063
:1012C80000021A6400237B620AE0FA697B6A04332D
:1012D8009B0013444FF000021A607B6A01337B6263
:1012E8007B6A022BF1DD00BF2C37BD465DF8047B1D
:1012F8007047000080B485B000AF78604FF00003FD
:10130800FB607B6893ED0B7A7B68D3ED0A7A77EE06
:10131800677AF5EEC07AF1EE10FA08DD7B6893ED96
:101328000B7A7B68D3ED0A7A77EE677A09E07B68F7
:1013380093ED0B7A7B68D3ED0A7A77EE677AF1EE54
:10134800677A7B6893ED107AF4EEC77AF1EE10FABB
:1013580033D97B6893ED0B7A7B68D3ED0A7A77EE05
:10136800677AF5EEC07AF1EE10FA02DD164BFB60F3
:1013780013E07B6893ED0B7A7B68D3ED0A7A77EEFE
:10138800677AF5EEC07AF1EE10FA03D54FF07E5386
:10139800FB6002E04FF00003FB607B6893ED0B7A83
:1013A8007B68D3ED106AD7ED037A66EEA77A77EEFD
:1013B800277A7B68C3ED0A7A00E000BF1437BD4680
:1013C8005DF8047B704700BF000080BF80B584B023
:1013D80000AFF860B9601346FB71FB68FA791A71BF
:1013E800FB68BA681A60FB6800225A71FB68002221
:1013F8009A71FB68184A5A63FB68184A9A63FB6833
:1014080040F2E2429A87FB6840F2EE22DA87FB68F4
:1014180000229A66FB68002283F86C20FB68002291
:1014280083F86D20FB6803F15400012301220A218F
:1014380000F01AF8FB6803F14000012301220A2199
:1014480000F012F8064AFB681360064806F0E2FC52
:1014580000BF1037BD4680BD0080BB440000FA4382
:1014680068060020B80B002080B485B000AFF86093
:10147800B9607A603B60FB68BA681A60FB687A6892
:10148800DA60FB683A681A61FB6800221A71FB6827
:1014980000229A6000BF1437BD465DF8047B704790
:1014A80080B500AF03F01CF800F01CF800F06AF8F3
:1014B80000F02EFD00F0F6F800F078FD01F0D0F90C
:1014C80000F064F900F0EEF900F074FA01F07AF92E
:1014D80001F070F801F0D6F801F0F8F9FFF7BAFB5F
:1014E80000BFFDE780B594B000AF07F118033822BC
:1014F80000211846FFF798F83B1D00221A605A6031
:101508009A60DA601A61002004F0D2FB0123BB6103
:101518004FF48033FB6102237B630323BB63022305
:10152800FB6355233B6402237B640223BB640223D1
:10153800FB6407F11803184603F052F80346002B22
:1015480001D000F018F80F237B600323BB60002351
:10155800FB6000233B6100237B613B1D042118468F
:1015680003F050FB0346002B01D000F004F800BF45
:101578005037BD4680BD80B400AF72B600BF00BF13
:10158800FDE7000080B58AB000AF07F11403002220
:101598001A605A609A60DA601A613F4BDB6C3E4A07
:1015A80043F02003D3643C4BDB6C03F020033B6126
:1015B8003B69394BDB6C384A43F00403D364364B40
:1015C800DB6C03F00403FB60FB68334BDB6C324AD3
:1015D80043F00103D364304BDB6C03F00103BB60C1
:1015E800BB682D4BDB6C2C4A43F00203D3642A4BB7
:1015F800DB6C03F002037B607B6800220C21274828
:1016080004F0CCF800224FF400414FF0904004F071
:10161800C5F800228021224804F0C0F80C237B6121
:101628000123BB610223FB6102233B6207F1140320
:1016380019461A4803F018FF4FF400437B61112341
:10164800BB610023FB6101233B6207F114031946C8
:101658004FF0904003F008FF4FF4E0537B61002304
:10166800BB610223FB6107F1140319460B4803F021
:10167800FBFE80237B611123BB610023FB610123F7
:101688003B6207F114031946054803F0EDFE00BF5D
:101698002837BD4680BD00BF001002400008004842
:1016A8000004004880B588B000AF3B4620220021E6
:1016B8001846FEF7B9FF324B324A1A60304B4FF4E6
:1016C80040325A602E4B00229A602D4B0022DA607D
:1016D8002B4B00221A612A4B00225A61284B042204
:1016E8009A61274B00221A77254B00225A77244B00
:1016F80001221A62224B002283F82420204B4FF447
:10170800D462DA621E4B4FF480621A631C4B0122CA
:1017180083F838201A4B4FF48052DA63184B0122B1
:1017280083F84020164B04225A64154B80229A6491
:10173800134B0022DA64124B01221A65104801F09B
:10174800A5FC0346002B01D0FFF715FF0E4B3B60AD
:1017580006237B600223BB607F23FB6004233B617D
:1017680000237B613B461946054801F033FF0346D9
:10177800002B01D0FFF7FFFE00BF2037BD4680BD1C
:101788006C060020000100500008302E80B58CB097
:1017980000AF07F1240300221A605A609A603B1DCB
:1017A800202200211846FEF73FFF3A4B3A4A1A60BA
:1017B800384B4FF440325A60364B00229A60354B12
:1017C8000022DA60334B00221A61324B01225A613F
:1017D800304B08229A612F4B00221A772D4B00229A
:1017E8005A772C4B02221A622A4B002283F82420B3
:1017F800284B4FF4D462DA62264B4FF480621A63A6
:10180800244B012283F83820224B4FF48052DA63AC
:10181800204B002283F840201E4801F037FC034685
:10182800002B01D0FFF7A7FE00237B6207F12403FA
:101838001946184802F04CFD0346002B01D0FFF76B
:101848009AFE164B7B600623BB600223FB607F2356
:101858003B6104237B610023BB613B1D19460D4896
:1018680001F0B8FE0346002B01D0FFF784FE0C4BB5
:101878007B600C23BB603B1D1946064801F0AAFE9D
:101888000346002B01D0FFF776FE00BF3037BD4678
:1018980080BD00BFD80600200004005002003004BC
:1018A8002000F01480B588B000AF3B46202200210C
:1018B8001846FEF7B9FE3A4B3A4A1A60384B4FF4CD
:1018C80040325A60364B00229A60354B0022DA606B
:1018D800334B00221A61324B01225A61304B0422E9
:1018E8009A612F4B00221A772D4B00225A772C4BE6
:1018F80003221A622A4B002283F82420284B4FF433
:10190800D462DA62264B4FF480621A63244B0122B8
:1019180083F83820224B0022DA63214B002283F817
:1019280040201F4801F0B2FB0346002B01D0FFF70F
:1019380022FE1D4B3B6006237B600223BB607F2396
:10194800FB6004233B6100237B613B461946144836
:1019580001F040FE0346002B01D0FFF70CFE134BAD
:101968003B600C237B603B4619460D4801F032FE74
:101978000346002B01D0FFF7FEFD0D4B3B60122301
:101988007B603B461946064801F024FE0346002BBF
:1019980001D0FFF7F0FD00BF2037BD4680BD00BF76
:1019A80044070020000500500800900C1000C010EB
:1019B8002000F01480B588B000AF3B4620220021FB
:1019C8001846FEF731FE334B334A1A60314B4FF459
:1019D80040325A602F4B00229A602E4B0022DA6068
:1019E8002C4B00221A612B4B01225A61294B0422ED
:1019F8009A61284B00221A77264B00225A77254BEA
:101A080002221A62234B002283F82420214B4FF430
:101A1800D462DA621F4B4FF480621A631D4B0022B6
:101A280083F838201B4B0022DA631A4B002283F814
:101A38004020184801F02AFB0346002B01D0FFF78D
:101A48009AFD164B3B6006237B600223BB607F2315
:101A5800FB6004233B6100237B613B4619460D482C
:101A680001F0B8FD0346002B01D0FFF784FD0C4BB5
:101A78003B600C237B603B461946064801F0AAFDF3
:101A88000346002B01D0FFF776FD00BF2037BD4687
:101A980080BD00BFB00700200006005002003004DF
:101AA8000400600880B5A6B000AF786007F1840331
:101AB80000221A605A609A60DA601A6107F13003EE
:101AC800542200211846FEF7AFFD7B681B68894A3F
:101AD800934240F09B804FF400433B634FF0005328
:101AE8007B6707F13003184603F070FA0346002BB2
:101AF80001D0FFF740FD804BDB6C7F4A43F4005375
:101B0800D3647D4BDB6C03F40053FB62FB6A7A4BB6
:101B1800DB6C794A43F00103D364774BDB6C03F049
:101B28000103BB62BB6A744BDB6C734A43F004036A
:101B3800D364714BDB6C03F004037B627B6A6E4BEE
:101B4800DB6C6D4A43F00203D3646B4BDB6C03F030
:101B580002033B623B6A8023C7F884300323C7F83B
:101B680088300023C7F88C3007F1840319464FF0FA
:101B7800904003F079FC2023C7F884300323C7F88A
:101B880088300023C7F88C3007F1840319465B4876
:101B980003F06AFC0423C7F884300323C7F88830AD
:101BA8000023C7F88C3007F184031946544803F022
:101BB8005BFC544B544A1A60524B24225A60514BD6
:101BC80000229A604F4B0022DA604E4B80221A6145
:101BD8004C4B4FF480725A614A4B4FF480629A61C1
:101BE800484B2022DA61474B4FF480521A6245482D
:101BF80003F0ECFD0346002B01D0FFF7BCFC7B682B
:101C0800404A5A653F4A7B6893626BE17B681B6870
:101C18003E4A934240F082804FF480333B634FF05A
:101C28000043BB6707F13003184603F0CFF90346BA
:101C3800002B01D0FFF79FFC354B1B680133344A5A
:101C48001360334B1B68012B0BD12B4BDB6C2A4ADF
:101C580043F48043D364284BDB6C03F48043FB617B
:101C6800FB69254BDB6C244A43F00203D364224B07
:101C7800DB6C03F00203BB61BB6942F20303C7F8E4
:101C880084300323C7F888300023C7F88C3007F165
:101C9800840319461A4803F0E7FB1E4B1E4A1A60D4
:101CA8001C4B25225A601B4B00229A60194B0022BC
:101CB800DA60184B80221A61164B4FF480725A6111
:101CC800144B4FF480629A61124B2022DA61114B57
:101CD8004FF440521A620F4803F078FD0346002B78
:101CE80001D0FFF748FC7B680A4A5A65094A7B68B5
:101CF8009362F7E00001005000100240000800481D
:101D0800000400481C080020080402400004005099
:101D18009C0900207C080020300002407B681B687A
:101D2800724A93426CD14FF480333B634FF00043C7
:101D3800BB6707F13003184603F048F90346002B48
:101D480001D0FFF718FC6A4B1B680133684A13601F
:101D5800674B1B68012B0BD1664BDB6C654A43F460
:101D68008043D364634BDB6C03F480437B617B6902
:101D7800604BDB6C5F4A43F00203D3645D4BDB6C62
:101D880003F002033B613B694FF45043C7F88430CA
:101D98000323C7F888300023C7F88C3007F1840381
:101DA8001946554803F060FB544B554A1A60534B8B
:101DB80026225A60514B00229A60504B0022DA606A
:101DC8004E4B80221A614D4B4FF480725A614B4B37
:101DD8004FF480629A61494B2022DA61474B002216
:101DE8001A62464803F0F2FC0346002B01D0FFF7C5
:101DF800C2FB7B68414A5A65404A7B68936271E03E
:101E08007B681B683F4A93426CD14FF480333B6335
:101E18004FF00043BB6707F13003184603F0D6F8CC
:101E28000346002B01D0FFF7A6FB314B1B6801339B
:101E38002F4A13602E4B1B68012B0BD12D4BDB6CEB
:101E48002C4A43F48043D3642A4BDB6C03F480436D
:101E5800FB60FB68274BDB6C264A43F00103D36425
:101E6800244BDB6C03F00103BB60BB684FF4407389
:101E7800C7F884300323C7F888300023C7F88C30AC
:101E880007F1840319464FF0904003F0EDFA1E4B1A
:101E98001E4A1A601C4B27225A601B4B00229A606C
:101EA800194B0022DA60184B80221A61164B4FF446
:101EB80080725A61144B4FF480629A61124B20224F
:101EC800DA61114B00221A620F4803F07FFC0346C7
:101ED800002B01D0FFF74FFB7B680B4A5A650A4A73
:101EE8007B68936200BF9837BD4680BD00050050EF
:101EF8009C0900200010024000040048DC08002073
:101F080044000240000600503C09002058000240EE
:101F180080B584B000AF244B9B6C234A43F0040384
:101F28009364214B9B6C03F00403FB60FB681E4B1E
:101F38009B6C1D4A43F0010393641B4B9B6C03F09D
:101F48000103BB60BB68184B9B6C174A43F0020344
:101F58009364154B9B6C03F002037B607B68002243
:101F680000210D2004F033F80D2004F04AF8002277
:101F780000210E2004F02BF80E2004F042F8002275
:101F880000210F2004F023F80F2004F03AF8002273
:101F98000021382004F01BF8382004F032F800BF84
:101FA8001037BD4680BD00BF0010024080B5BAB0F2
:101FB80000AF07F1E00300221A605A6007F1D0036E
:101FC80000221A605A609A60DA6007F17003602292
:101FD80000211846FEF728FB07F1640300221A6067
:101FE8005A609A6007F1480300221A605A609A60A2
:101FF800DA601A615A619A6107F1240324220021E8
:102008001846FEF711FB3B1D202200211846FEF75B
:102018000BFBCD4BCD4A1A60CB4B00225A60CA4B02
:1020280000229A60C84804F007F80346002B01D044
:10203800FFF7A1FA0C21C44804F0CEF80346002BA0
:1020480001D0FFF798FA0A21BF4804F01DF90346AA
:10205800002B01D0FFF78FFA0023C7F8E0300223E6
:10206800C7F8E43007F1E0031A460121B64804F046
:1020780067F90346002B01D0FFF77DFA0022012102
:10208800B14804F049FB0346002B01D0FFF773FA6F
:102098004DF28043C7F8D0300323C7F8D43001236A
:1020A800C7F8D8300823C7F8DC3007F1D0031A4640
:1020B8000621A54804F01CF90346002B01D0FFF7C0
:1020C8005AFA10233B6700237B670023BB67002372
:1020D800FB670123C7F880300023C7F8843000234A
:1020E800C7F888300023C7F88C300023C7F8903031
:1020F8000023C7F894304FF00063C7F898300023E6
:10210800C7F89C300023C7F8A0304FF00053C7F839
:10211800A4300023C7F8CC3007F170031A46062113
:10212800894804F043FC0346002B01D0FFF723FA4B
:102138004FF6EF737B6607F164030122062182489C
:1021480004F074FD0346002B01D0FFF714FA49F69A
:10215800F0337B6607F16403022206217A4804F013
:1021680065FD0346002B01D0FFF705FA4FF6EF7324
:102178007B6607F1640304220621734804F056FDC8
:102188000346002B01D0FFF7F6F90023C7F8D43037
:1021980007F1D0031A4601216B4804F0A9F8034659
:1021A800002B01D0FFF7E7F90023BB6400233B6550
:1021B80000237B6500233B6607F148031A4601218B
:1021C800614804F080FC0346002B01D0FFF7D3F9E7
:1021D80000233B6700237B670023C7F8A830002350
:1021E800C7F8AC300023C7F8B0304FF48073C7F895
:1021F800B4300023C7F8B8300023C7F8C030102324
:10220800C7F8C4300023C7F8C83007F170031A466E
:1022180001214D4804F0CAFB0346002B01D0FFF70B
:10222800AAF90023C7F8B8304FF08073C7F8C03058
:102238002023C7F8C43007F170031A460421424826
:1022480004F0B4FB0346002B01D0FFF794F90023F8
:10225800C7F8B8308023C7F8C43007F170031A46AE
:102268000521394804F0A2FB0346002B01D0FFF7F3
:1022780082F906237B6607F16403012201213248B3
:1022880004F0D4FC0346002B01D0FFF774F907F1E2
:102298006403042201212C4804F0C8FC0346002BE7
:1022A80001D0FFF768F900237B624FF49673BB6295
:1022B8000023FB6200233B6300237B634FF4967388
:1022C800BB630023FB6300233B6400237B6407F1AB
:1022D80024031A4601211C4804F028FC0346002B5D
:1022E80001D0FFF748F907F124031A4604211648DC
:1022F80004F01CFC0346002B01D0FFF73CF907F162
:1023080024031A460521104804F010FC0346002B4C
:1023180001D0FFF730F900237B600823BB6020233E
:10232800FB6000233B6100237B610023BB6100232A
:10233800FB6100233B623B1D04220121024804F09B
:10234800E3FD034604E000BFA00900200068014047
:10235800002B01D0FFF70FF93B1D4FF480720421C9
:10236800504804F0D1FD0346002B01D0FFF703F9D4
:102378003B1D4FF4806205214A4804F0C5FD034621
:10238800002B01D0FFF7F7F80023BB600023FB60A8
:102398003B1D08220121434804F0B6FD0346002BEB
:1023A80001D0FFF7E8F83B1D4FF4007204213D48C7
:1023B80004F0AAFD0346002B01D0FFF7DCF83B1D13
:1023C8004FF400620521374804F09EFD0346002BB8
:1023D80001D0FFF7D0F807F1D0031A46042131489D
:1023E80003F086FF0346002B01D0FFF7C4F807F17E
:1023F80048031A4604212B4804F065FB0346002BCA
:1024080001D0FFF7B8F807F1640301220421254839
:1024180004F00CFC0346002B01D0FFF7ACF807F1E1
:102428006403042204211F4804F000FC0346002B27
:1024380001D0FFF7A0F807F1D0031A460521194883
:1024480003F056FF0346002B01D0FFF794F807F17D
:1024580048031A460521134804F035FB0346002BB0
:1024680001D0FFF788F807F16403012205210D4820
:1024780004F0DCFB0346002B01D0FFF77CF807F1E2
:10248800640304220521074804F0D0FB0346002B0F
:1024980001D0FFF770F8034800F026F800BFE837CE
:1024A800BD4680BDA009002080B485B000AF78602B
:1024B8007B681B680A4A93420BD10A4B1B6E094A78
:1024C80043F080631366074B1B6E03F08063FB6069
:1024D800FB6800BF1437BD465DF8047B704700BF3A
:1024E800006801400010024080B58AB000AF7860F3
:1024F80007F1140300221A605A609A60DA601A61C0
:102508007B681B68284A93424AD1284BDB6C274AD0
:1025180043F00403D364254BDB6C03F004033B61F5
:102528003B69224BDB6C214A43F00103D3641F4B08
:10253800DB6C03F00103FB60FB68C0237B610223B3
:10254800BB610023FB6103233B620D237B6207F120
:1025580014031946164802F087FF4FF440737B6155
:102568000223BB610023FB6103233B6203237B62DD
:1025780007F1140319460E4802F076FF4FF4406342
:102588007B610223BB610023FB6103233B620D23B4
:102598007B6207F1140319464FF0904002F064FF84
:1025A80000BF2837BD4680BD0068014000100240CA
:1025B8000008004880B500AF124B134A1A60114B4F
:1025C80000225A600F4B00229A600E4B4FF6FF72A2
:1025D8005A610C4B00221A620A4B00225A62094BBC
:1025E80000229A62074B0022DA62064B00221A6325
:1025F800044805F05BF90346002B01D0FEF7BBFF4A
:1026080000BF80BD9C0A0020007C004080B598B0C7
:1026180000AF786007F10C03542200211846FEF73A
:1026280003F87B681B68154A934222D14FF4007364
:10263800FB600023BB6307F10C03184602F0C6FCDD
:102648000346002B01D0FEF796FF0D4B9B6D0C4AFD
:1026580043F0004393650A4B9B6D03F00043BB6056
:10266800BB6800220021312003F0B1FC312003F0C7
:10267800C8FC00BF6037BD4680BD00BF007C00407D
:102688000010024080B598B000AF07F15403002253
:102698001A605A609A6007F1380300221A605A607B
:1026A8009A60DA601A615A619A613B1D34220021EE
:1026B8001846FDF7B9FF414B414A1A603F4B1122BA
:1026C8005A603E4B00229A603C4B4FF4FA62DA6043
:1026D8003A4B00221A61394B00225A61374B0022CB
:1026E8009A61364805F066FC0346002B01D0FEF7D8
:1026F80042FF00237B650023BB650023FB6507F1D0
:10270800540319462D4806F0C7FC0346002B01D098
:10271800FEF731FF6023BB630023FB6300233B64A8
:1027280000237B640023BB640023FB6400233B6518
:1027380007F1380300221946204805F0E1FD034659
:10274800002B01D0FEF717FF07F1380304221946C2
:102758001A4805F0D5FD0346002B01D0FEF70BFF04
:1027680000237B600023BB600023FB6000233B61E8
:1027780000237B614FF40053BB610023FB610023FE
:102788003B6200237B624FF00073BB620023FB6255
:1027980000233B6300237B633B1D1946074806F073
:1027A80011FD0346002B01D0FEF7E5FE034800F0BB
:1027B80057F900BF6037BD4680BD00BFD40A00206E
:1027C800002C014080B588B000AF07F1100300224B
:1027D8001A605A609A60DA603B1D00221A605A60DB
:1027E8009A601D4B1D4A1A601B4BAA225A601A4B4D
:1027F80000229A60184B44F62062DA60164B0022D9
:102808001A61154B00229A61134805F003FB034631
:10281800002B01D0FEF7AFFE4FF480533B6107F168
:10282800100319460C4805F07FFE0346002B01D023
:10283800FEF7A1FE00237B600023FB603B1D1946C9
:10284800054806F029FC0346002B01D0FEF793FE4D
:1028580000BF2037BD4680BD200B0020000C004083
:1028680080B584B000AF3B1D00221A605A609A60A0
:10287800144B154A1A60134B10225A60114B002250
:102888009A60104B42F20F72DA600E4B00229A6186
:102898000C4805F0BFFA0346002B01D0FEF76BFE8B
:1028A80000237B600023FB603B1D1946054806F0AA
:1028B800F3FB0346002B01D0FEF75DFE00BF103787
:1028C800BD4680BD6C0B00200010004080B588B06C
:1028D80000AF07F1100300221A605A609A60DA60AC
:1028E8003B1D00221A605A609A60204B204A1A60E9
:1028F8001E4BAA225A601D4B00229A601B4B41F2C4
:102908008832DA60194B00221A61184B00225A618A
:10291800164B00229A61154805F07CFA0346002BF5
:1029280001D0FEF728FE4FF480533B6107F11003F6
:1029380019460E4805F0F8FD0346002B01D0FEF7B6
:102948001AFE00237B600023BB600023FB603B1D55
:102958001946064806F0A0FB0346002B01D0FEF7F7
:102968000AFE00BF2037BD4680BD00BFB80B00205F
:102978000034014080B485B000AF78607B681B6884
:102988000A4A93420BD10A4B1B6E094A43F400636F
:102998001366074B1B6E03F40063FB60FB6800BF04
:1029A8001437BD465DF8047B704700BF002C01401A
:1029B8000010024080B586B000AF78607B681B6865
:1029C800234A934214D1234B9B6D224A43F00803B8
:1029D8009365204B9B6D03F008037B617B690022A4
:1029E8000021322003F0F3FA322003F00AFB2AE038
:1029F8007B681B68184A934214D1164B9B6D154A85
:102A080043F010039365134B9B6D03F010033B6178
:102A18003B6900220021362003F0D9FA362003F062
:102A2800F0FA10E07B681B680C4A93420BD1094B03
:102A38001B6E084A43F400531366064B1B6E03F4DF
:102A48000053FB60FB6800BF1837BD4680BD00BF60
:102A5800000C00400010024000100040003401400B
:102A680080B588B000AF786007F10C0300221A60C7
:102A78005A609A60DA601A617B681B68114A93424F
:102A88001BD1114BDB6C104A43F00403D3640E4B8B
:102A9800DB6C03F00403BB60BB680323FB60022309
:102AA8003B6100237B610023BB610223FB6107F1CB
:102AB8000C031946054802F0D7FC00BF2037BD4675
:102AC80080BD00BF002C01400010024000080048F3
:102AD80080B400AF00BFFDE780B400AF00BFFDE7E2
:102AE80080B400AF00BFFDE780B400AF00BFFDE7D2
:102AF80080B400AF00BFFDE780B400AF00BFBD46A3
:102B08005DF8047B704780B400AF00BFBD465DF838
:102B1800047B704780B400AF00BFBD465DF8047BFE
:102B2800704780B500AF01F02DFD00BF80BD0000EB
:102B380080B500AF024802F06CFF00BF80BD00BF47
:102B48007C08002080B500AF024802F062FF00BF99
:102B580080BD00BFDC08002080B500AF024802F04D
:102B680058FF00BF80BD00BF3C09002080B500AF02
:102B7800024804F06BFF00BF80BD00BF9C0A002024
:102B880080B500AF024805F06CFA00BF80BD00BFF9
:102B9800200B002080B500AF024805F062FA00BFA4
:102BA80080BD00BF6C0B002080B500AF024802F06A
:102BB80030FF00BF80BD00BF1C08002080B582B078
:102BC80000AF0F4B1B6E0E4A43F0010313660C4B0C
:102BD8001B6E03F001037B607B68094B9B6D084A01
:102BE80043F080539365064B9B6D03F080533B6025
:102BF8003B6803F001F900BF0837BD4680BD00BF40
:102C08000010024080B483B000AF786039607B6800
:102C18009B6823F47C123B681A437B689A6000BF68
:102C28000C37BD465DF8047B704780B483B000AFB5
:102C3800786039607B689B6823F0E0723B681A43D0
:102C48007B689A6000BF0C37BD465DF8047B70470F
:102C580080B483B000AF78607B689B6803F0E07352
:102C680018460C37BD465DF8047B704780B487B0C2
:102C780000AFF860B9607A603B60FB6860331A4661
:102C8800BB689B0013447B617B691A68084B13403F
:102C98007A6802F0F8413A680A43134343F0004265
:102CA8007B691A6000BF1C37BD465DF8047B70471E
:102CB80000F0FF0380B485B000AF786039607B68AE
:102CC80060331A463B689B001344FB60FB681B6833
:102CD80003F0F84318461437BD465DF8047B704787
:102CE80080B487B000AFF860B9607A60FB68603381
:102CF8001A46BB689B0013447B617B691B6823F001
:102D080000427B681A437B691A6000BF1C37BD46C6
:102D18005DF8047B704780B487B000AFF860B96095
:102D28007A60FB6860331A46BB689B0013447B617A
:102D38007B691B6823F080727B681A437B691A6081
:102D480000BF1C37BD465DF8047B704780B487B070
:102D580000AFF860B9607A60FB6860331A46BB68F8
:102D68009B0013447B617B691B6823F000727B68BE
:102D78001A437B691A6000BF1C37BD465DF8047BA7
:102D8800704780B483B000AF786039607B685B6956
:102D980023F000423B681A437B685A6100BF0C3736
:102DA800BD465DF8047B704780B483B000AF78609F
:102DB8007B68DB6803F44063002B01D1012300E04A
:102DC800002318460C37BD465DF8047B704780B475
:102DD80087B000AFF860B9607A60FB6830331A4694
:102DE800BB681B0A9B0003F00C0313447B617B69DF
:102DF8001A68BB6803F01F031F2101FA03F3DB43C2
:102E08001A407B689B0E03F01F01BB6803F01F0389
:102E180001FA03F31A437B691A6000BF1C37BD46E9
:102E28005DF8047B704780B487B000AFF860B96084
:102E38007A60FB6814331A46BB685B0E9B0003F08C
:102E4800040313447B617B691A68BB681B0D03F09C
:102E58001F03072101FA03F3DB431A40BB681B0D6C
:102E680003F01F03796801FA03F31A437B691A60B8
:102E780000BF1C37BD465DF8047B704780B485B041
:102E880000AFF860B9607A60FB68D3F8B020BB681F
:102E9800C3F31203DB431A407B6803F018030849A5
:102EA800D940BB680B40C3F312031A43FB68C3F84D
:102EB800B02000BF1437BD465DF8047B704700BFE3
:102EC800FFFF070080B483B000AF78607B689B6821
:102ED80003F01F0318460C37BD465DF8047B7047A6
:102EE80080B483B000AF78607B689B6823F0204390
:102EF80023F03F037A68936000BF0C37BD465DF846
:102F0800047B704780B483B000AF78607B689B68AF
:102F180003F00053B3F1005F01D1012300E0002367
:102F280018460C37BD465DF8047B704780B483B003
:102F380000AF78607B689B6823F0104323F03F0361
:102F480043F080527B689A6000BF0C37BD465DF83D
:102F5800047B704780B483B000AF78607B689B685F
:102F680003F08053B3F1805F01D1012300E0002317
:102F780018460C37BD465DF8047B704780B483B0B3
:102F880000AF78607B689B6823F0004323F03F0321
:102F980043F001027B689A6000BF0C37BD465DF8BC
:102FA800047B704780B483B000AF78607B689B680F
:102FB80023F0004323F03F0343F002027B689A604A
:102FC80000BF0C37BD465DF8047B704780B483B002
:102FD80000AF78607B689B6803F00103012B01D187
:102FE800012300E0002318460C37BD465DF8047B3A
:102FF800704780B483B000AF78607B689B6803F04B
:103008000203022B01D1012300E0002318460C37EC
:10301800BD465DF8047B704780B483B000AF78602C
:103028007B689B6823F0004323F03F0343F00402CE
:103038007B689A6000BF0C37BD465DF8047B70471B
:1030480080B483B000AF78607B689B6803F00403AA
:10305800042B01D1012300E0002318460C37BD469C
:103068005DF8047B704780B483B000AF78607B68FC
:103078009B6803F00803082B01D1012300E000231B
:1030880018460C37BD465DF8047B704790B589B08B
:1030980000AF78600023FB770023FB607B68002B80
:1030A80001D10123A9E17B685B69002B7B68DB6D9B
:1030B800002B09D17868FEF7F5FC7B6800221A66B8
:1030C8007B68002283F858207B681B681846FFF746
:1030D80019FF0346002B04D07B681B681846FFF7CE
:1030E800FFFE7B681B681846FFF734FF0346002B7A
:1030F80015D17B681B681846FFF718FF9C4B1B68A7
:103108009B099C4AA2FB03239B0901335B00FB60DC
:1031180002E0FB68013BFB60FB68002BF9D17B6890
:103128001B681846FFF716FF0346002B0DD17B6876
:10313800DB6D43F010027B68DA657B681B6E43F039
:1031480001027B681A660123FB777B681B681846B7
:10315800FFF776FF78617B68DB6D03F01003002BC7
:1031680040F042817B69002B40F03E817B68DB6D3B
:1031780023F4817343F002027B68DA657B681B687D
:103188001846FFF723FF0346002B41D17B681B68D5
:10319800B3F1A04F04D07B681B68774A93420FD1E4
:1031A8004FF0A040FFF712FF04467348FFF70EFFE9
:1031B80003462343002B0CBF01230023DBB212E09C
:1031C8006E48FFF703FF04466D48FFF7FFFE03460E
:1031D8001C436C48FFF7FAFE03462343002B0CBF41
:1031E80001230023DBB2002B12D07B681B68B3F1EC
:1031F800A04F04D07B681B685F4A934201D1624AA2
:1032080000E0624A7B685B6819461046FFF7FAFCE3
:103218007B685B7F5A037B68DB6B1A437B68DB68E0
:103228001A437B689B681A437B6893F824301B0415
:103238001343BB617B6893F82430012B06D17B686C
:103248009B6A013B5B04BA691343BB617B68DB6A19
:10325800002B09D07B68DB6A03F478727B681B6BF0
:103268001343BA691343BB617B681B68DA68484B30
:1032780013407A681268B9690B43D3607B681B688E
:103288001B6923F040617B685A6B7B681B680A43A3
:103298001A617B681B681846FFF7E5FE38617B6991
:1032A800002B7FD13B69002B7CD17B681B7F9A0365
:1032B8007B6893F838305B001343BB617B681B68FD
:1032C800DB6823F4804323F002037A681268B96943
:1032D8000B43D3607B681B69002B17D07B681B6886
:1032E8001A697B681B6842F480321A617B681B6824
:1032F800D3F8C03023F47F5323F03F037A68116971
:103308007A6812680B43C2F8C03013E07B681B6808
:103318001A697B681B6822F480321A617B681B6813
:10332800D3F8C0307A68126823F47F5323F03F0340
:10333800C2F8C0307B6893F84030012B2AD17B68F3
:103348001B681B6923F4FF6323F004037A68516C3C
:103358007A68926C11437A68D26C11437A68126D5C
:103368000A431A437B681B6842F001021A6119E09C
:1033780078000020632D3E05000100500004005035
:1033880000050050000600500003005000070050E0
:103398000740F0FF7B681B681A697B681B6822F08E
:1033A80001021A617B685B69012B0CD17B681B6881
:1033B8001B6B23F00F017B681B6A5A1E7B681B6816
:1033C8000A431A6307E07B681B681A6B7B681B68F3
:1033D80022F00F021A637B68DB6D23F0030343F0CE
:1033E80001027B68DA6507E07B68DB6D43F0100259
:1033F8007B68DA650123FB77FB7F18462437BD46D7
:1034080090BD00BF80B586B000AFF860B9607A6043
:10341800FB681B68B3F1A04F04D0FB681B685A4ACD
:10342800934201D1594B00E0594B1846FFF74AFD2A
:103438003861FB681B681846FFF702FE0346002B3D
:1034480040F09B80FB6893F85830012B01D1022390
:1034580096E0FB68012283F85820FB681B684D4AF8
:10346800934208D03B69002B05D03B69052B02D05D
:103478003B69092B7AD1F86800F0ECFC0346FB7530
:10348800FB7D002B6DD1FB68DB6D23F4706323F0AB
:10349800010343F48072FB68DA65FB681B683A4AEB
:1034A800934209D0FB681B683B4A934202D0FB68F1
:1034B8001B6803E0394B01E04FF0A043FA6812683B
:1034C800934202D03B69002B05D1FB68DB6D23F4E6
:1034D8008012FB68DA65FB68DB6D03F48053002B10
:1034E80006D0FB681B6E23F00602FB681A6602E032
:1034F800FB6800221A66FB685B6D294ADA62FB6882
:103508005B6D284A1A63FB685B6D274A5A63FB6840
:103518001B681C221A60FB68002283F85820FB688D
:103528001B685A68FB681B6842F010025A60FB6807
:103538001B68DA68FB681B6842F00102DA60FB6806
:10354800586DFB681B6840331946BA687B6802F0FF
:10355800E5F90346FB75FB681B681846FFF75CFD39
:103568000DE0FB68002283F8582008E00123FB7572
:10357800FB68002283F8582001E00223FB75FB7DDD
:1035880018461837BD4680BD0001005000030050A2
:1035980000070050000600500005005000040050CD
:1035A800474000081F4100083B41000880B483B031
:1035B80000AF786000BF0C37BD465DF8047B7047EC
:1035C80080B483B000AF786000BF0C37BD465DF8AB
:1035D800047B704780B5B6B000AF786039600023CF
:1035E80087F8D7300023FB607B6893F85830012BAD
:1035F80002D1022300F013BC7B68012283F8582013
:103608007B681B681846FFF71BFD0346002B40F03C
:10361800F3837B6818683B6859683B681B681A46DF
:10362800FFF7D5FB7B681B681846FFF709FDC7F84D
:10363800D0007B681B681846FFF715FDC7F8CC005B
:10364800D7F8D030002B40F0D981D7F8CC30002BF8
:1036580040F0D4813B689B68B3F1004F0FD17B6881
:1036680018683B681B6800221946FFF7DCFB7B687B
:103678001B684FF000411846FFF783FB0EE07B689C
:1036880018683B6819683B689B681A46FFF7CBFBCC
:103698007B681B6800211846FFF773FB3B685A6973
:1036A8007B681B68DB68DB0803F003035B0002FA36
:1036B80003F3C7F8C8303B681B69042B22D07B682A
:1036C80018683B6819693B681A68D7F8C830FFF76B
:1036D800CDFA7B6818683B6819693B689B691A468C
:1036E800FFF719FB7B6818683B6819693B681B7F03
:1036F800012B02D14FF0007300E000231A46FFF7B8
:1037080025FB7BE17B681B6800211846FFF7D2FA8E
:103718000346C3F31203002B0AD17B681B68002100
:103728001846FFF7C7FA03469B0E03F01F021EE078
:103738007B681B6800211846FFF7BCFA0346C7F8E8
:10374800BC30D7F8BC3093FAA3F3C7F8C030D7F829
:10375800C030C7F8B830D7F8B830002B01D12023D3
:1037680004E0D7F8B830B3FA83F3DBB21A463B6803
:103778001B68C3F31203002B05D13B681B689B0E23
:1037880003F01F0318E03B681B68C7F8B030D7F890
:10379800B03093FAA3F3C7F8AC30D7F8AC30C7F819
:1037A800B430D7F8B430002B01D1202304E0D7F887
:1037B800B430B3FA83F3DBB29A4206D17B681B6854
:1037C800002200211846FFF78BFA7B681B6801214D
:1037D8001846FFF76FFA0346C3F31203002B0AD10A
:1037E8007B681B6801211846FFF764FA03469B0EA5
:1037F80003F01F021EE07B681B6801211846FFF7D3
:1038080059FA0346C7F8A430D7F8A43093FAA3F3BB
:10381800C7F8A030D7F8A030C7F8A830D7F8A83034
:10382800002B01D1202304E0D7F8A830B3FA83F3A2
:10383800DBB21A463B681B68C3F31203002B05D1A1
:103848003B681B689B0E03F01F0318E03B681B686E
:10385800C7F89830D7F8983093FAA3F3C7F894309C
:10386800D7F89430C7F89C30D7F89C30002B01D19A
:10387800202304E0D7F89C30B3FA83F3DBB29A42F2
:1038880006D17B681B68002201211846FFF728FA39
:103898007B681B6802211846FFF70CFA0346C3F33E
:1038A8001203002B0AD17B681B6802211846FFF718
:1038B80001FA03469B0E03F01F021EE07B681B689B
:1038C80002211846FFF7F6F90346C7F88C30D7F8F7
:1038D8008C3093FAA3F3C7F88830D7F88830C7F844
:1038E8009030D7F89030002B01D1202304E0D7F88E
:1038F8009030B3FA83F3DBB21A463B681B68C3F314
:103908001203002B05D13B681B689B0E03F01F03B5
:1039180016E03B681B68C7F88030D7F8803093FA08
:10392800A3F3FB67FB6FC7F88430D7F88430002B0C
:1039380001D1202304E0D7F88430B3FA83F3DBB253
:103948009A4206D17B681B68002202211846FFF7BD
:10395800C7F97B681B6803211846FFF7ABF90346D4
:10396800C3F31203002B0AD17B681B680321184696
:10397800FFF7A0F903469B0E03F01F0217E07B68D0
:103988001B6803211846FFF795F903467B677B6F91
:1039980093FAA3F33B673B6FBB67BB6F002B01D167
:1039A800202303E0BB6FB3FA83F3DBB21A463B680C
:1039B8001B68C3F31203002B05D13B681B689B0EE1
:1039C80003F01F0311E03B681B68BB66BB6E93FAEC
:1039D800A3F37B667B6EFB66FB6E002B01D1202375
:1039E80003E0FB6EB3FA83F3DBB29A4206D17B683D
:1039F8001B68002203211846FFF772F97B681B68D1
:103A08001846FFF7E3FA0346002B40F03D817B6838
:103A180018683B6819683B68DB681A46FFF72EFA96
:103A28003B68DB68A24A934240F02E817B681868A5
:103A38003B681B68C3F31203002B0BD13B681B6860
:103A48009B0E013303F01F03092B94BF01230023AE
:103A5800DBB219E03B681B68FB65FB6D93FAA3F3C7
:103A6800BB65BB6D3B663B6E002B01D1202303E099
:103A78003B6EB3FA83F3DBB2013303F01F03092B68
:103A880094BF01230023DBB2002B79D03B681B686D
:103A9800C3F31203002B07D13B681B689B0E01334D
:103AA8009B0603F0F84215E03B681B683B653B6DDD
:103AB80093FAA3F3FB64FB6C7B657B6D002B01D150
:103AC800202303E07B6DB3FA83F3DBB201339B065B
:103AD80003F0F8423B681B68C3F31203002B09D1BB
:103AE8003B681B689B0E013303F01F03012101FA99
:103AF80003F317E03B681B687B647B6C93FAA3F3C2
:103B08003B643B6CBB64BB6C002B01D1202303E0FE
:103B1800BB6CB3FA83F3DBB2013303F01F0301215B
:103B280001FA03F342EA03013B681B68C3F312037B
:103B3800002B0AD13B681B689B0E013303F01F0260
:103B480013465B0013441B0518E03B681B68BB6306
:103B5800BB6B93FAA3F37B637B6BFB63FB6B002B61
:103B680001D1202303E0FB6BB3FA83F3DBB201330B
:103B780003F01F0213465B0013441B050B437EE052
:103B88003B681B68C3F31203002B07D13B681B6813
:103B98009B0E01339B0603F0F84215E03B681B6857
:103BA800FB62FB6A93FAA3F3BB62BB6A3B633B6BA2
:103BB800002B01D1202303E03B6BB3FA83F3DBB284
:103BC80001339B0603F0F8423B681B68C3F31203FA
:103BD800002B09D13B681B689B0E013303F01F03C0
:103BE800012101FA03F317E03B681B683B623B6A5B
:103BF80093FAA3F3FB61FB697B627B6A002B01D11B
:103C0800202303E07B6AB3FA83F3DBB2013303F0CA
:103C18001F03012101FA03F342EA03013B681B6811
:103C2800C3F31203002B0DD13B681B689B0E0133B5
:103C380003F01F0213465B0013441E3B1B0543F0B1
:103C480000731BE03B681B687B617B6993FAA3F3F5
:103C58003B613B69BB61BB69002B01D1202303E0B9
:103C6800BB69B3FA83F3DBB2013303F01F021346D7
:103C78005B0013441E3B1B0543F000730B433A687B
:103C880092681946FFF7CFF83B681A68094B13404A
:103C9800002B00F0BE807B681B68B3F1A04F04D0F6
:103CA8007B681B68044A93420AD1044B09E000BFB1
:103CB80000007F4000000880000100500003005011
:103CC800594B1846FEF7C4FFC7F8C4003B681B6889
:103CD800564A934204D03B681B68554A93423AD1EE
:103CE800D7F8C43003F40003002B34D17B681B6879
:103CF800B3F1A04F05D07B681B684E4A934240F051
:103D080085807B681B68B3F1A04F04D07B681B6873
:103D1800494A934201D1494A00E0434AD7F8C4309E
:103D280043F4000319461046FEF77FFF444B1B6817
:103D38009B09444AA2FB03239B095A1C13465B00B8
:103D480013449B00FB6002E0FB68013BFB60FB68DF
:103D5800002BF9D15AE03B681B683B4A934225D1B6
:103D6800D7F8C43003F08073002B1FD17B681B6821
:103D7800314A934204D17B681B68344A934247D046
:103D88007B681B68B3F1A04F04D07B681B682A4A84
:103D9800934201D1294A00E0234AD7F8C43043F0BE
:103DA800807319461046FEF740FF31E03B681B68F8
:103DB800274A93422DD1D7F8C43003F48003002B4F
:103DC80027D17B681B681C4A934222D07B681B68FA
:103DD800B3F1A04F04D07B681B68174A934201D106
:103DE800164A00E0104AD7F8C43043F48003194655
:103DF8001046FEF71AFF0CE07B68DB6D43F02002EB
:103E08007B68DA65012387F8D73002E000BF00E05D
:103E180000BF7B68002283F8582097F8D7301846EF
:103E2800D837BD4680BD00BF00070050000021C341
:103E38001000C09000060050000100500003005020
:103E480078000020632D3E05000052C70005005091
:103E5800000084CB80B584B000AF78600023BB60DD
:103E68007B681B681846FFF7B1F80346002B76D12C
:103E78007B681B689A683C4B1340002B0DD07B680D
:103E8800DB6D43F010027B68DA657B681B6E43F0DC
:103E980001027B681A66012362E07B681B6818468A
:103EA800FFF76CF87B681B68B3F1A04F04D07B6800
:103EB8001B682E4A934201D12D4B00E02D4B18462A
:103EC800FEF7C6FE034603F40003002B13D02A4B6B
:103ED8001B689B09294AA2FB03239B095A1C13460A
:103EE8005B0013449B00BB6002E0BB68013BBB6006
:103EF800BB68002BF9D100F057FBF86028E07B681D
:103F08001B681846FFF762F80346002B04D17B684C
:103F18001B681846FFF732F800F046FB0246FB68BC
:103F2800D31A022B14D97B681B681B6803F00103A2
:103F3800012B0DD07B68DB6D43F010027B68DA65DE
:103F48007B681B6E43F001027B681A66012307E059
:103F58007B681B681B6803F00103012BCFD100238A
:103F680018461037BD4680BD3F0000800001005054
:103F7800000300500007005078000020632D3E0524
:103F880080B584B000AF78607B681B681846FFF77F
:103F980030F8F8607B681B681846FFF717F8034687
:103FA800002B47D0FB68002B44D17B681B689B68BB
:103FB80003F00D03012B0CD17B681B681846FEF734
:103FC800F1FF7B681B6803221A6000F0EDFAB86005
:103FD80029E07B68DB6D43F010027B68DA657B685B
:103FE8001B6E43F001027B681A66012323E000F090
:103FF800DBFA0246BB68D31A022B14D97B681B680C
:104008009B6803F00103002B0DD07B68DB6D43F048
:1040180010027B68DA657B681B6E43F001027B68DF
:104028001A66012307E07B681B689B6803F001039D
:10403800002BDCD1002318461037BD4680BD80B563
:1040480084B000AF78607B689B6AFB60FB68DB6DBF
:1040580003F05003002B4BD1FB68DB6D43F4007277
:10406800FB68DA65FB681B681B6803F00803002B14
:1040780021D0FB681B681846FEF796FE0346002B06
:1040880032D0FB681B68DB6803F40053002B2BD18C
:10409800FB68DB6D23F48072FB68DA65FB68DB6D17
:1040A80003F48053002B1FD1FB68DB6D43F0010242
:1040B800FB68DA6518E0FB681B68DB6803F002033D
:1040C800002B11D1FB68DB6D23F48072FB68DA6585
:1040D800FB68DB6D03F48053002B05D1FB68DB6DB7
:1040E80043F00102FB68DA65F868FCF7D9FC0EE0DA
:1040F800FB68DB6D03F01003002B03D0F868FFF7B3
:104108005FFA04E0FB685B6D5B6B7868984700BFFB
:104118001037BD4680BD80B584B000AF78607B683D
:104128009B6AFB60F868FFF741FA00BF1037BD468D
:1041380080BD80B584B000AF78607B689B6AFB6007
:10414800FB68DB6D43F04002FB68DA65FB681B6EB9
:1041580043F00402FB681A66F868FFF731FA00BFFB
:104168001037BD4680BD80B483B000AF78607B68EF
:104178009B6803F00103012B01D1012300E0002318
:1041880018460C37BD465DF8047B704780B483B091
:1041980000AF786039607B689B6823F0404323F068
:1041A8003F033A6802F08042134343F000427B68C1
:1041B8009A6000BF0C37BD465DF8047B704780B439
:1041C80083B000AF78607B689B6803F00043B3F16D
:1041D800004F01D1012300E0002318460C37BD46EB
:1041E8005DF8047B704780B483B000AF78607B686B
:1041F8009B6803F00403042B01D1012300E0002392
:1042080018460C37BD465DF8047B704780B584B00E
:1042180000AF786039600023BB607B6893F8583042
:10422800012B01D102234DE07B68012283F858203D
:104238007868FFF7A5FE0346FB73FB7B002B36D19E
:104248007B68DB6D23F4885323F0020343F00202FA
:104258007B68DA657B681B6839681846FFF796FF44
:1042680014E0BB680133BB60BB68184A93420DD9A0
:104278007B68DB6D23F0120343F010027B68DA657C
:104288007B68002283F8582001231BE07B681B68A9
:104298001846FFF794FF0346002BE2D17B68DB6DDD
:1042A80023F0030343F001027B68DA6505E07B68CD
:1042B800DB6D43F010027B68DA657B68002283F8C7
:1042C8005820FB7B18461037BD4680BD01DE040030
:1042D80090B5A1B000AF78603960002387F87F30CF
:1042E8007B6893F85830012B01D10223E7E07B6803
:1042F800012283F8582000237B660023BB667B6875
:104308001B68B3F1A04F02D16F4BBB6009E07B681B
:104318001B686E4A934202D16D4BBB6001E00023DB
:10432800BB60BB68002B0BD17B68DB6D43F02002C0
:104338007B68DA657B68002283F858200123BEE099
:10434800BB681846FFF74FFFB8677B681B681846BD
:10435800FFF749FF0346002B40F0A080BB6F002BFE
:1043680040F09C807B681B68B3F1A04F04D07B6849
:104378001B68554A934201D1564B00E0564B7B6768
:104388003B681B68002B4BD07B6F9B6823F4604213
:104398003B6859687B6893F838305B030B431A43D2
:1043A8007B6F9A607B681B68B3F1A04F04D07B6871
:1043B8001B68454A93420FD14FF0A040FFF7D3FE48
:1043C80004464148FFF7CFFE03462343002B0CBFAA
:1043D80001230023DBB212E03C48FFF7C4FE044689
:1043E8003B48FFF7C0FE03461C433C48FFF7BBFEB3
:1043F80003462343002B0CBF01230023DBB2002B11
:1044080056D07B6F9B6823F4716323F00F033A68DF
:1044180011683A6892680A431A437B6F9A6047E0CA
:104428007B6F9B6823F460427B6F9A607B681B6894
:10443800B3F1A04F04D07B681B68234A93420FD185
:104448004FF0A040FFF78FFE04461F48FFF78BFE92
:1044580003462343002B0CBF01230023DBB212E0E9
:104468001A48FFF780FE04461948FFF77CFE03460A
:104478001C431A48FFF777FE03462343002B0CBF63
:1044880001230023DBB2002B12D07B6F9B6823F43F
:10449800716323F00F037A6F936009E07B68DB6D2B
:1044A80043F020027B68DA65012387F87F3000E05B
:1044B80000BF7B68002283F8582097F87F301846A1
:1044C8008437BD4690BD00BF000100500004005075
:1044D800000500500003005000070050000600507F
:1044E80080B582B000AF0023FB71032001F064FDAA
:1044F8000F2000F00DF80346002B02D00123FB71BA
:1045080001E0FEF75BFBFB7918460837BD4680BD26
:1045180080B584B000AF78600023FB73164B1B682E
:10452800002B22D0154B1A68134B1B684FF47A7175
:10453800B1FBF3F3B2FBF3F3184601F070FD034649
:10454800002B0FD17B680F2B09D8002279684FF018
:10455800FF3001F03CFD0A4A7B68136007E0012345
:10456800FB7304E00123FB7301E00123FB73FB7B76
:1045780018461037BD4680BD740000207800002022
:104588007000002080B400AF054B1A68054B1B680B
:104598001344034A136000BFBD465DF8047B7047AF
:1045A800040C00207400002080B400AF034B1B688B
:1045B8001846BD465DF8047B704700BF040C002018
:1045C80080B400AF054B1B68044A43F00203136034
:1045D80000BFBD465DF8047B704700BF10E000E0F7
:1045E80080B588B000AF78607B68002B01D10123CB
:1045F800FEE27B681B6803F00103002B75D0974B24
:104608009B6803F00C03BB61944BDB6803F0030366
:104618007B61BB690C2B02D17B69032B02D0BB6980
:10462800082B0BD18D4B1B6803F40033002B5BD098
:104638007B685B68002B57D10123D9E27B685B68F4
:10464800B3F5803F06D1854B1B68844A43F4803319
:1046580013601DE07B685B68B3F5A02F0CD17F4B1E
:104668001B687E4A43F4802313607C4B1B687B4A9B
:1046780043F4803313600BE0784B1B68774A23F4CC
:1046880080331360754B1B68744A23F480231360CE
:104698007B685B68002B13D0FFF786FF386108E062
:1046A800FFF782FF02463B69D31A642B01D9032323
:1046B8009EE26A4B1B6803F40033002BF0D014E031
:1046C800FFF772FF386108E0FFF76EFF02463B69AB
:1046D800D31A642B01D903238AE2604B1B6803F4C5
:1046E8000033002BF0D100E000BF7B681B6803F0AB
:1046F8000203002B75D0594B9B6803F00C03BB6178
:10470800564BDB6803F003037B61BB690C2B02D1BA
:104718007B69022B02D0BB69042B1FD14F4B1B684E
:1047280003F48063002B05D07B68DB68002B01D184
:1047380001235DE2494B5B6823F0FE427B681B69FD
:104748001B06464913434B60454B1B681846FFF749
:10475800DFFE0346002B43D0012349E27B68DB6878
:10476800002B23D03D4B1B683C4A43F480731360F5
:10477800FFF71AFF386108E0FFF716FF02463B69AA
:10478800D31A022B01D9032332E2344B1B6803F4FA
:104798008063002BF0D0314B5B6823F0FE427B68CE
:1047A8001B691B062D4913434B601AE02B4B1B68F2
:1047B8002A4A23F480731360FFF7F6FE386108E095
:1047C800FFF7F2FE02463B69D31A022B01D90323F5
:1047D8000EE2224B1B6803F48063002BF0D100E04B
:1047E80000BF7B681B6803F00803002B41D07B687F
:1047F8005B69002B1CD0194BD3F89430174A43F04F
:104808000103C2F89430FFF7CFFE386108E0FFF7E4
:10481800CBFE02463B69D31A022B01D90323E7E1F9
:104828000E4BD3F8943003F00203002BEFD020E0B6
:104838000A4BD3F89430094A23F00103C2F89430A4
:10484800FFF7B2FE38610DE0FFF7AEFE02463B69A6
:10485800D31A022B06D90323CAE100BF0010024075
:10486800700000208C4BD3F8943003F00203002B27
:10487800EAD17B681B6803F00403002B00F0A680D4
:104888000023FB77844B9B6D03F08053002B01D1F1
:10489800012300E00023002B0DD07F4B9B6D7E4A47
:1048A80043F0805393657C4B9B6D03F08053FB6012
:1048B800FB680123FB77794B1B6803F48073002B9B
:1048C80018D1764B1B68754A43F480731360FFF761
:1048D8006BFE386108E0FFF767FE02463B69D31AB2
:1048E800022B01D9032383E16C4B1B6803F480730B
:1048F800002BF0D07B689B68012B08D1664BD3F85E
:104908009030654A43F00103C2F8903024E07B6898
:104918009B68052B10D1604BD3F890305E4A43F06A
:104928000403C2F890305C4BD3F890305A4A43F0F5
:104938000103C2F890300FE0574BD3F89030564A35
:1049480023F00103C2F89030534BD3F89030524A09
:1049580023F00403C2F890307B689B68002B16D0C4
:10496800FFF722FE38610AE0FFF71EFE02463B69A8
:10497800D31A41F28832934201D9032338E1464BD6
:10498800D3F8903003F00203002BEDD015E0FFF7C9
:104998000BFE38610AE0FFF707FE02463B69D31AAF
:1049A80041F28832934201D9032321E13A4BD3F8EB
:1049B800903003F00203002BEDD1FB7F012B05D1D2
:1049C800354B9B6D344A23F0805393657B681B6895
:1049D80003F02003002B3CD07B689B69002B1CD084
:1049E8002D4BD3F898302C4A43F00103C2F8983085
:1049F800FFF7DAFD386108E0FFF7D6FD02463B69AC
:104A0800D31A022B01D90323F2E0234BD3F89830B1
:104A180003F00203002BEFD01BE01F4BD3F89830B4
:104A28001D4A23F00103C2F89830FFF7BDFD386135
:104A380008E0FFF7B9FD02463B69D31A022B01D9FA
:104A48000323D5E0144BD3F8983003F00203002B6E
:104A5800EFD17B68DB69002B00F0C9800E4B9B68A7
:104A680003F00C030C2B00F083807B68DB69022BBE
:104A78005ED1094B1B68084A23F080731360FFF767
:104A880093FD38610CE0FFF78FFD02463B69D31AAE
:104A9800022B05D90323ABE0001002400070004050
:104AA800554B1B6803F00073002BECD1524BDA68AE
:104AB800524B13407A68116A7A68526A013A1201B5
:104AC80011437A68926A120211437A68126B52088B
:104AD800013A520511437A68526B5208013A52065C
:104AE80011437A68D26AD2060A4343491343CB601A
:104AF800414B1B68404A43F0807313603E4BDB68B0
:104B08003D4A43F08073D360FFF74EFD386108E0FB
:104B1800FFF74AFD02463B69D31A022B01D903234A
:104B280066E0354B1B6803F00073002BF0D05EE0A5
:104B3800314B1B68304A23F080731360FFF734FD54
:104B4800386108E0FFF730FD02463B69D31A022BB3
:104B580001D903234CE0284B1B6803F00073002B9A
:104B6800F0D1254BDA682449254B1340CB603EE051
:104B78007B68DB69012B01D1012339E01E4BDB681F
:104B88007B617B6903F003027B681B6A9A422CD124
:104B98007B6903F0F0027B685B6A013B1B019A4268
:104BA80023D17B6903F4FE427B689B6A1B029A420D
:104BB8001BD17B6903F078427B68DB6ADB069A428B
:104BC80013D17B6903F4C0027B681B6B5B08013B54
:104BD8005B059A4209D17B6903F0C0627B685B6B15
:104BE8005B08013B5B069A4201D0012300E00023E9
:104BF80018462037BD4680BD001002400C809F013A
:104C0800FCFFEEFE80B586B000AF78603960002307
:104C18007B617B68002B01D101231EE1914B1B684E
:104C280003F00F033A689A4210D98E4B1B6823F0A1
:104C38000F028C493B6813430B608A4B1B6803F0D7
:104C48000F033A689A4201D0012306E17B681B688A
:104C580003F00103002B73D07B685B68032B29D119
:104C6800814B1B6803F00073002B01D10123F4E092
:104C780000F066F938613B697C4A93423FD97A4B28
:104C88009B6803F0F003002B09D07B681B6803F0D6
:104C98000203002B33D07B689B68002B2FD1724B0B
:104CA8009B6823F0F003704A43F0800393608023ED
:104CB8007B6124E07B685B68022B07D16A4B1B6829
:104CC80003F40033002B09D10123C6E0664B1B68AF
:104CD80003F48063002B01D10123BEE000F0CEF87D
:104CE80038613B69614A934209D95F4B9B6823F05D
:104CF800F0035D4A43F08003936080237B615A4B45
:104D08009B6823F003027B685B68574913438B60F9
:104D1800FFF74AFCF8600AE0FFF746FC0246FB682A
:104D2800D31A41F28832934201D9032395E04E4BBE
:104D38009B6803F00C027B685B689B009A42EBD18E
:104D48007B681B6803F00203002B23D07B681B6879
:104D580003F00403002B05D0434B9B68424A43F4FD
:104D6800E06393607B681B6803F00803002B07D09F
:104D78003D4B9B6823F47C533B4A43F4E0639360C8
:104D8800394B9B6823F0F0027B689B6836491343D4
:104D98008B6008E07B69802B05D1334B9B68324AD6
:104DA80023F0F00393602F4B1B6803F00F033A685E
:104DB8009A421DD22B4B1B6823F00F0229493B68EE
:104DC80013430B60FFF7F0FBF8600AE0FFF7ECFB1A
:104DD8000246FB68D31A41F28832934201D9032371
:104DE8003BE0204B1B6803F00F033A689A42EDD171
:104DF8007B681B6803F00403002B08D01A4B9B68E0
:104E080023F4E0627B68DB68174913438B607B6897
:104E18001B6803F00803002B09D0134B9B6823F48D
:104E280060527B681B69DB000F4913438B6000F0FD
:104E380025F802460C4B9B681B0903F00F030C492D
:104E4800CB5C03F01F0322FA03F30A4A13600A4BF0
:104E58001B681846FFF75CFB034618461837BD4623
:104E680080BD00BF002002400010024000B4C4040E
:104E7800A0940008780000207000002080B487B05B
:104E880000AF2C4B9B6803F00C03042B02D12A4B78
:104E98003B6147E0274B9B6803F00C03082B02D1CA
:104EA800264B3B613EE0234B9B6803F00C030C2B25
:104EB80036D1204BDB6803F00303FB601D4BDB6836
:104EC8001B0903F00F030133BB60FB68032B0CD1F4
:104ED8001A4ABB68B2FBF3F3164AD268120A02F008
:104EE8007F0202FB03F37B610CE0134ABB68B2FB51
:104EF800F3F3104AD268120A02F07F0202FB03F3AE
:104F08007B6100BF0B4BDB685B0E03F003030133CF
:104F18005B007B607A697B68B2FBF3F33B6101E07D
:104F280000233B613B6918461C37BD465DF8047B8E
:104F3800704700BF001002400024F40000127A00FD
:104F480080B487B000AF1E4BDB6803F003033B61FE
:104F58001B4BDB681B0903F00F030133FB603B6944
:104F6800032B0CD1174AFB68B2FBF3F3144AD2683F
:104F7800120A02F07F0202FB03F37B610CE0124A83
:104F8800FB68B2FBF3F30E4AD268120A02F07F0202
:104F980002FB03F37B6100BF094BDB685B0E03F088
:104FA800030301335B00BB607A69BB68B2FBF3F3B0
:104FB8007B607B6818461C37BD465DF8047B7047EC
:104FC8000010024000127A000024F40080B586B078
:104FD80000AF78600023FB740023BB747B681B68F8
:104FE80003F40023002B00F0988000237B74434BCC
:104FF8009B6D03F08053002B0DD1404B9B6D3F4AB6
:1050080043F0805393653D4B9B6D03F08053BB6029
:10501800BB6801237B743A4B1B68394A43F480739D
:105028001360FFF7C1FAF86009E0FFF7BDFA02461E
:10503800FB68D31A022B02D90323FB7405E0304B1B
:105048001B6803F48073002BEFD0FB7C002B59D135
:105058002A4BD3F8903003F440737B617B69002BB3
:105068001ED07B681B6D7A699A4219D0234BD3F8FE
:10507800903023F440737B61204BD3F890301F4A63
:1050880043F48033C2F890301C4BD3F890301B4A5D
:1050980023F48033C2F89030184A7B69C2F8903004
:1050A8007B6903F00103002B16D0FFF77DFAF86047
:1050B8000BE0FFF779FA0246FB68D31A41F288320F
:1050C800934202D90323FB7406E00C4BD3F89030CB
:1050D80003F00203002BECD0FB7C002B0BD1074B19
:1050E800D3F8903023F440727B681B6D0349134357
:1050F800C1F8903008E0FB7CBB7405E0001002406A
:1051080000700040FB7CBB747B7C012B05D1A74B56
:105118009B6DA64A23F0805393657B681B6803F058
:105128000103002B0AD0A14BD3F8883023F00302E7
:105138007B685B689D491343C1F888307B681B68AE
:1051480003F00203002B0AD0984BD3F8883023F0E1
:105158000C027B689B6895491343C1F888307B68CB
:105168001B6803F00403002B0AD0904BD3F8883057
:1051780023F030027B68DB688C491343C1F8883020
:105188007B681B6803F00803002B0AD0874BD3F811
:10519800883023F0C0027B681B6984491343C1F837
:1051A80088307B681B6803F01003002B0AD07F4B04
:1051B800D3F8883023F440727B685B697B491343DA
:1051C800C1F888307B681B6803F02003002B0AD0E5
:1051D800764BD3F8883023F440627B689B69734927
:1051E8001343C1F888307B681B6803F04003002B29
:1051F8000AD06E4BD3F8883023F440527B68DB69C1
:105208006A491343C1F888307B681B6803F0800340
:10521800002B0AD0654BD3F8883023F440427B68D2
:105228001B6A62491343C1F888307B681B6803F422
:105238008073002B0AD05D4BD3F8883023F44032BA
:105248007B685B6A59491343C1F888307B681B68DF
:1052580003F40033002B0AD0544BD3F89C3023F0CE
:1052680003027B689B6A51491343C1F89C307B68F1
:105278001B6803F40073002B0AD04C4BD3F888301A
:1052880023F440227B68DB6A48491343C1F888301D
:105298007B681B6803F48063002B15D0434BD3F85D
:1052A800883023F440127B681B6B40491343C1F8D4
:1052B80088307B681B6BB3F5801F05D13B4BDB68DF
:1052C8003A4A43F48013D3607B681B6803F4006395
:1052D800002B15D0354BD3F8883023F440027B6877
:1052E8005B6B32491343C1F888307B685B6BB3F55D
:1052F800800F05D12D4BDB682C4A43F48013D36013
:105308007B681B6803F48053002B15D0274BD3F818
:10531800883023F040727B689B6B24491343C1F8A3
:1053280088307B689B6BB3F1807F05D11F4BDB68AE
:105338001E4A43F48013D3607B681B6803F4005350
:10534800002B15D0194BD3F8883023F040627B68C6
:10535800DB6B16491343C1F888307B68DB6BB3F10C
:10536800006F05D1114BDB68104A43F48013D360FA
:105378007B681B6803F48043002B19D00B4BD3F8D0
:10538800883023F040627B681B6C08491343C1F8DE
:1053980088307B681B6CB3F1006F09D1034BDB6865
:1053A800024A43F48013D36002E000BF00100240B9
:1053B8007B681B6803F40043002B15D0294BD3F8F6
:1053C800883023F040527B685B6C26491343C1F850
:1053D80088307B685B6CB3F1805F05D1214BDB685B
:1053E800204A43F48033D3607B681B6803F480331E
:1053F800002B15D01B4BD3F8883023F040427B6834
:105408009B6C18491343C1F888307B689B6CB3F1D7
:10541800804F05D1134BDB68124A43F48033D360C5
:105428007B681B6803F48023002B15D00D4BD3F841
:105438009C3023F440127B68DB6C0A491343C1F8A3
:105448009C307B68DB6CB3F5001F05D1054BDB682E
:10545800044A43F48013D360BB7C18461837BD4612
:1054680080BD00BF0010024080B487B000AF7860F4
:10547800396000237B615AE13B681A6801217B6926
:1054880001FA03F31340FB60FB68002B00F04C812A
:105498003B685B6803F00303012B05D03B685B683E
:1054A80003F00303022B30D17B689B683B617B6967
:1054B8005B00032202FA03F3DB433A6913403B61C2
:1054C8003B68DA687B695B0002FA03F33A691343C5
:1054D8003B617B683A699A607B685B683B61012243
:1054E8007B6902FA03F3DB433A6913403B613B688B
:1054F8005B681B0903F001027B6902FA03F33A694E
:1055080013433B617B683A695A603B685B6803F008
:105518000303032B17D07B68DB683B617B695B0067
:10552800032202FA03F3DB433A6913403B613B6809
:105538009A687B695B0002FA03F33A6913433B619B
:105548007B683A69DA603B685B6803F00303022B07
:1055580023D17B69DA087B68083253F822303B6133
:105568007B6903F007039B000F2202FA03F3DB4376
:105578003A6913403B613B681A697B6903F007038A
:105588009B0002FA03F33A6913433B617B69DA082B
:105598007B680832396943F822107B681B683B61D5
:1055A8007B695B00032202FA03F3DB433A69134089
:1055B8003B613B685B6803F003027B695B0002FAAE
:1055C80003F33A6913433B617B683A691A603B68A5
:1055D8005B6803F44033002B00F0A6805B4B1B6E26
:1055E8005A4A43F001031366584B1B6E03F001033C
:1055F800BB60BB68564A7B699B08023352F823306C
:105608003B617B6903F003039B000F2202FA03F35B
:10561800DB433A6913403B617B68B3F1904F1FD07D
:105628007B684C4A934219D07B684B4A934213D00B
:105638007B684A4A93420DD07B68494A934207D017
:105648007B68484A934201D105230AE0062308E013
:10565800042306E0032304E0022302E0012300E020
:1056680000237A6902F00302920093403A691343D7
:105678003B6137497B699B0802333A6941F823202B
:10568800394B9B683B61FB68DB433A6913403B61DC
:105698003B685B6803F48013002B03D03A69FB680E
:1056A80013433B61304A3B6993602F4BDB683B6196
:1056B800FB68DB433A6913403B613B685B6803F472
:1056C8000013002B03D03A69FB6813433B61264A59
:1056D8003B69D360244B5B683B61FB68DB433A69F9
:1056E80013403B613B685B6803F40033002B03D035
:1056F8003A69FB6813433B611B4A3B6953601A4B89
:105708001B683B61FB68DB433A6913403B613B68BC
:105718005B6803F48033002B03D03A69FB681343BA
:105728003B61114A3B6913607B6901337B613B68CC
:105738001A687B6922FA03F3002B7FF49DAE00BF41
:1057480000BF1C37BD465DF8047B7047001002405F
:10575800000001400004004800080048000C004810
:1057680000100048001400480004014080B485B0CF
:1057780000AF78600B467B807B681A697B88134092
:10578800002B02D00123FB7301E00023FB73FB7B9A
:1057980018461437BD465DF8047B704780B483B063
:1057A80000AF78600B467B8013467B707B78002BBC
:1057B80003D07A887B689A6102E07A887B689A626B
:1057C80000BF0C37BD465DF8047B704780B584B0D8
:1057D80000AF78607B68002B01D101238DE07B68E6
:1057E8001B681A46474B9A420FD87B681B681A46B3
:1057F800454B1344454AA2FB03231B099A007B68C7
:105808005A647B68424A1A640EE07B681B681A4631
:10581800404B13443D4AA2FB03231B099A007B68B3
:105828005A647B683C4A1A647B68022283F8252004
:105838007B681B681B68FB60FB6823F4FF4323F04D
:105848007003FB607B689A687B68DB681A437B6837
:105858001B691A437B685B691A437B689B691A4317
:105868007B68DB691A437B681B6A1343FA68134336
:10587800FB607B681B68FA681A60786800F0B6F904
:105888007B689B68B3F5804F02D17B6800225A6021
:105898007B685A687B689B6CD2B21A607B68DB6C49
:1058A8007A68126D5A607B685B68002B10D07B6841
:1058B8005B68042B0CD8786800F0D6F97B685B6DC0
:1058C80000221A607B689B6D7A68D26D5A6008E086
:1058D8007B6800225A657B6800229A657B680022F3
:1058E800DA657B680022DA637B68012283F8252069
:1058F8007B68002283F82420002318461037BD4611
:1059080080BD00BF07040240F8FFFDBFCDCCCCCC62
:1059180000000240F8FBFDBF0004024080B586B0DD
:1059280000AFF860B9607A603B600023FB75FB68E4
:1059380093F82430012B01D1022366E0FB68012291
:1059480083F82420FB6893F82530DBB2012B55D16E
:10595800FB68022283F82520FB680022DA63FB68D3
:105968001B681A68FB681B6822F001021A603B6812
:105978007A68B968F86800F0FBF8FB681B6B002BC5
:1059880008D0FB681B681A68FB681B6842F00E02A7
:105998001A600FE0FB681B681A68FB681B6822F036
:1059A80004021A60FB681B681A68FB681B6842F0EF
:1059B8000A021A60FB689B6C1B6803F48033002B97
:1059C80007D0FB689B6C1A68FB689B6C42F480727A
:1059D8001A60FB685B6D002B07D0FB685B6D1A686B
:1059E800FB685B6D42F480721A60FB681B681A687A
:1059F800FB681B6842F001021A6005E0FB680022A0
:105A080083F824200223FB75FB7D18461837BD4612
:105A180080BD80B584B000AF78607B681B6C1B6864
:105A2800FB607B681B681B68BB607B685B6C03F072
:105A38001F0304229A40FB681340002B26D0BB6842
:105A480003F00403002B21D07B681B681B6803F05C
:105A58002003002B07D17B681B681A687B681B68CA
:105A680022F004021A607B685B6C03F01F027B68FB
:105A78001B6C042101FA02F25A607B681B6B002B35
:105A880071D07B681B6B786898476CE07B685B6CAF
:105A980003F01F0302229A40FB681340002B2ED00C
:105AA800BB6803F00203002B29D07B681B681B68C6
:105AB80003F02003002B0BD17B681B681A687B68F6
:105AC8001B6822F00A021A607B68012283F82520ED
:105AD8007B685B6C03F01F027B681B6C022101FA78
:105AE80002F25A607B68002283F824207B68DB6A14
:105AF800002B38D07B68DB6A7868984733E07B688E
:105B08005B6C03F01F0308229A40FB681340002BCC
:105B18002AD0BB6803F00803002B25D07B681B68DC
:105B28001A687B681B6822F00E021A607B685B6C3F
:105B380003F01F027B681B6C012101FA02F25A6014
:105B48007B680122DA637B68012283F825207B6861
:105B5800002283F824207B685B6B002B04D07B68D1
:105B68005B6B7868984700BF00BF1037BD4680BDA3
:105B780080B485B000AFF860B9607A603B60FB68BC
:105B8800DB6CFA68126D5A60FB685B6D002B04D001
:105B9800FB689B6DFA68D26D5A60FB685B6C03F01A
:105BA8001F02FB681B6C012101FA02F25A60FB68B4
:105BB8001B683A685A60FB689B68102B08D1FB6821
:105BC8001B687A689A60FB681B68BA68DA6007E045
:105BD800FB681B68BA689A60FB681B687A68DA60B9
:105BE80000BF1437BD465DF8047B704780B487B0AA
:105BF80000AF78607B681B681A46164B9A4202D839
:105C0800154B7B6101E0154B7B617B693B617B68D0
:105C18001B68DBB2083B124AA2FB03231B09FB608B
:105C28007B685B6C9B089A003B6913441A467B6847
:105C38009A647B680B4ADA64FB6803F01F0301224D
:105C48009A407B681A6500BF1C37BD465DF8047B27
:105C5800704700BF070402400008024020080240C5
:105C6800CDCCCCCC8008024080B485B000AF786041
:105C78007B685B68DBB2FB60FA680B4B13449B00E4
:105C88001A467B685A657B68084A9A65FB68013B37
:105C980003F01F0301229A407B68DA6500BF1437BE
:105CA800BD465DF8047B70473F8200104009024002
:105CB80080B485B000AF78607B68002B41D14B4B36
:105CC8001B6803F4C063B3F5806F31D1474BD3F839
:105CD8008030464A23F48073C2F88030434B1B68F7
:105CE80023F4C063414A43F400731360404B1B68BC
:105CF800322202FB03F33F4AA2FB03239B0C01332E
:105D0800FB6002E0FB68013BFB60384B5B6903F416
:105D18008063B3F5806F02D1FB68002BF2D1334B5F
:105D28005B6903F48063B3F5806F58D1032357E0B0
:105D38002E4BD3F880302D4A23F48073C2F880307C
:105D48004DE07B68B3F5007F41D1284B1B6803F415
:105D5800C063B3F5806F31D1244BD3F88030234A28
:105D680043F48073C2F88030204B1B6823F4C0636F
:105D78001E4A43F4007313601D4B1B68322202FB5A
:105D880003F31C4AA2FB03239B0C0133FB6002E0D4
:105D9800FB68013BFB60154B5B6903F48063B3F55B
:105DA800806F02D1FB68002BF2D1104B5B6903F4C2
:105DB8008063B3F5806F12D1032311E00B4BD3F846
:105DC80080300A4A43F48073C2F8803007E0074BFA
:105DD8001B6823F4C063054A43F4806313600023FF
:105DE80018461437BD465DF8047B704700700040C4
:105DF8007800002083DE1B4380B400AF054B9B680E
:105E0800044A43F48043936000BFBD465DF8047BB9
:105E1800704700BF0070004080B485B000AF786064
:105E28007B6803F00703FB600C4BDB68BB60BA6858
:105E38004FF6FF031340BB60FB681A02BB681343AD
:105E480043F0BF6343F40033BB60044ABB68D360CC
:105E580000BF1437BD465DF8047B704700ED00E0D5
:105E680080B400AF044BDB681B0A03F00703184635
:105E7800BD465DF8047B704700ED00E080B483B058
:105E880000AF0346FB7197F90730002B0BDBFB795A
:105E980003F01F02074997F907305B09012000FA50
:105EA80002F241F8232000BF0C37BD465DF8047BA1
:105EB800704700BF00E100E080B483B000AF034644
:105EC8003960FB7197F90730002B0ADB3B68DAB2BF
:105ED8000C4997F907301201D2B20B4483F800231A
:105EE8000AE03B68DAB20849FB7903F00F03043B88
:105EF8001201D2B20B441A7600BF0C37BD465DF8CA
:105F0800047B704700E100E000ED00E080B489B058
:105F180000AFF860B9607A60FB6803F00703FB61C3
:105F2800FB69C3F10703042B28BF0423BB61FB698A
:105F38000433062B02D9FB69033B00E000237B6195
:105F48004FF0FF32BB6902FA03F3DA43BB681A4029
:105F58007B699A404FF0FF317B6901FA03F3D9431B
:105F68007B680B40134318462437BD465DF8047B15
:105F78007047000080B582B000AF78607B68013B55
:105F8800B3F1807F01D301230FE00A4A7B68013B0C
:105F980053600F214FF0FF30FFF78EFF054B0022B3
:105FA8009A60044B07221A60002318460837BD463A
:105FB80080BD00BF10E000E080B582B000AF78601F
:105FC8007868FFF729FF00BF0837BD4680BD80B558
:105FD80086B000AF0346B9607A60FB73FFF740FFF5
:105FE80078617A68B9687869FFF790FF024697F98F
:105FF8000F3011461846FFF75FFF00BF1837BD4640
:1060080080BD80B582B000AF0346FB7197F90730B9
:106018001846FFF733FF00BF0837BD4680BD80B57F
:1060280082B000AF78607868FFF7A4FF034618468F
:106038000837BD4680BD000080B586B000AF7860E7
:106048007B68002B01D10123BEE07B68022283F824
:10605800DD207B680022C3F8E0207B680022C3F8BB
:10606800E4207B680022C3F8E8207B680022C3F89C
:10607800EC207B680022C3F8F0207B680022C3F87C
:10608800F4207B680022C3F8F8207B689B6803F043
:106098000103002B2ED07B681B684D4A93420BD11D
:1060A8004C4B1B6E4B4A43F080631366494B1B6E87
:1060B80003F08063FB60FB687B681B681B683B61BF
:1060C8003B6923F440433B617B681B6903F440430D
:1060D8003A6913433B613B6923F440533B617B6856
:1060E8005B6903F440533A6913433B617B681B685F
:1060F8003A691A607868FCF7D7F97B689B6803F0FF
:106108000203002B12D07B681B681B683B613B694C
:1061180023F440733B617B68DB6803F440733A699E
:1061280013433B617B681B683A691A607B680122EC
:1061380083F8DD207B68002283F8DC200023FB75D0
:106148003EE0FA7D79681346DB009B1A9B000B44FE
:10615800183300221A60FA7D79681346DB009B1A0F
:106168009B000B441C3300221A60FA7D79681346A1
:10617800DB009B1A9B000B44203300221A60FA7D37
:1061880079681346DB009B1A9B000B4424330022DA
:106198001A60FA7D79681346DB009B1A9B000B4452
:1061A800283300221A60FA7D79681346DB009B1AAF
:1061B8009B000B44303300221A60FB7D0133FB75D2
:1061C800FB7D062BBDD9002318461837BD4680BD78
:1061D800006801400010024080B483B000AF7860CE
:1061E80039607B6893F8DC30012B01D1022345E04C
:1061F8007B68012283F8DC207B68022283F8DD209B
:106208003B68B3F1FF3F14D17B681B68D3F8CC23FC
:106218007B681B6822F00202C3F8CC237B681B68EA
:10622800D3F8CC237B681B6842F00102C3F8CC2367
:106238001FE07B681B68D3F8CC237B681B6842F09F
:106248000202C3F8CC237B681B68D3F8CC3323F055
:106258000C017B681B683A680A43C3F8CC237B6847
:106268001B68D3F8CC237B681B6842F00102C3F893
:10627800CC237B68012283F8DD20002318460C37E5
:10628800BD465DF8047B704780B584B000AF786088
:106298003960FEF789F9F86014E03B68B3F1FF3F15
:1062A80010D0FEF781F90246FB68D31A3A689A4281
:1062B80002D33B68002B05D17B68072283F8DD20D9
:1062C800032311E07B681B68D3F8883303F4803319
:1062D800B3F5803FE1D17B68012283F8DD207B683C
:1062E800002283F8DC20002318461037BD4680BD05
:1062F80080B584B000AFF860B9607A60FB6893F845
:10630800DD30DBB2022B01D1022315E0FB6802224B
:1063180083F8DD20BB68062B04D17968F86800F0A3
:106328007CFE04E07A68B968F86800F0A5FEFB68AE
:10633800012283F8DD20002318461037BD4680BDB2
:1063480080B487B000AFF860B9607A60FB6893F8F2
:10635800DD30DBB2022B01D10223D7E1FB6893F8D1
:10636800DC30012B01D10223D0E1FB68012283F844
:10637800DC20FB68022283F8DD20FB681B68D3F869
:1063880080337B61FB681B68D3F8FC333B61BB68D7
:10639800B3F5007F00F06D81BB68B3F5007F00F2B4
:1063A8008D81BB68B3F5807F00F03F81BB68B3F592
:1063B800807F00F28381BB68802B00F01181BB686D
:1063C800802B00F27B81BB68202B4BD8BB68002B4D
:1063D80000F07481BB68013B1F2B00F26F8101A2A2
:1063E80052F823F0776400089B640008C56600082B
:1063F800C1640008C5660008C5660008C5660008CF
:10640800E7640008C5660008C5660008C566000898
:10641800C5660008C5660008C5660008C5660008A8
:106428000D650008C5660008C5660008C566000851
:10643800C5660008C5660008C5660008C566000888
:10644800C5660008C5660008C5660008C566000878
:10645800C5660008C5660008C5660008C566000868
:1064680055650008BB68402B00F0958026E17B69E4
:1064780023F4E0237B617B681B6803F4E0237A69DB
:1064880013437B61FB681B687A685268C3F8BC23B6
:106498001DE17B6923F460137B617B681B68DB006B
:1064A80003F460137A6913437B61FB681B687A689D
:1064B8005268C3F8C0230AE17B6923F0E0737B616B
:1064C8007B681B689B0103F0E0737A6913437B6167
:1064D800FB681B687A685268C3F8C423F7E07B69D5
:1064E80023F060637B617B681B685B0203F0606379
:1064F8007A6913437B61FB681B687A685268C3F842
:10650800C823E4E03B6923F007033B617B681B6811
:106518001B0C03F007033A6913433B61FB681B68D4
:10652800D3F8F823FB681B6822F01F02C3F8F8238E
:10653800FB681B68D3F8F8137B685B6803F01F02DD
:10654800FB681B680A43C3F8F823C0E03B6923F0E3
:1065580070033B617B681B681B0B03F070033A698F
:1065680013433B61FB681B68D3F8F823FB681B687F
:1065780022F47872C3F8F823FB681B68D3F8F81381
:106588007B685B685B0103F47872FB681B680A43ED
:10659800C3F8F8239BE03B6923F4E0633B617B6825
:1065A8001B681B0A03F4E0633A6913433B61FB6809
:1065B8001B68D3F8F823FB681B6822F4F842C3F879
:1065C800F823FB681B68D3F8F8137B685B689B02A9
:1065D80003F4F842FB681B680A43C3F8F82376E023
:1065E8003B6923F4E0433B617B681B681B0903F4A8
:1065F800E0433A6913433B61FB681B68D3F8F8230F
:10660800FB681B6822F4F812C3F8F823FB681B68C0
:10661800D3F8F8137B685B681B0403F4F812FB6873
:106628001B680A43C3F8F82351E03B6923F4E023CD
:106638003B617B681B6803F4E0233A6913433B61C1
:10664800FB681B68D3F8F823FB681B6822F0787294
:10665800C3F8F823FB681B68D3F8F8137B685B68FA
:106668005B0503F07872FB681B680A43C3F8F823DC
:106678002DE03B6923F4E0033B617B681B681B0149
:1066880003F4E0033A6913433B61FB681B68D3F8E2
:10669800F823FB681B6822F0F842C3F8F823FB686C
:1066A8001B68D3F8F8137B685B689B0603F0F84215
:1066B800FB681B680A43C3F8F82308E0FB68072255
:1066C80083F8DD20FB68002283F8DC2000BFFB682C
:1066D80093F8DD30DBB2072B01D1012316E0BB684C
:1066E8000F2B05D8FB681B687A69C3F8802304E080
:1066F800FB681B683A69C3F8FC23FB68012283F82E
:10670800DD20FB68002283F8DC20002318461C37B4
:10671800BD465DF8047B704780B485B000AFF86073
:10672800B9607A60FB6893F8DD30DBB2022B01D1E7
:10673800022335E1FB6893F8DC30012B01D10223F9
:106748002EE1FB68012283F8DC20FB68022283F833
:10675800DD20BB68B3F5007F00F0F880BB68B3F5B7
:10676800007F00F20381BB68B3F5807F00F0DE8014
:10677800BB68B3F5807F00F2F980BB68802B00F01E
:10678800C580BB68802B00F2F180BB68202B4BD8FA
:10679800BB68002B00F0EA80BB68013B1F2B00F2AE
:1067A800E58001A252F823F039680008576800080C
:1067B8007569000877680008756900087569000838
:1067C8007569000897680008756900087569000808
:1067D8007569000875690008756900087569000819
:1067E80075690008B76800087569000875690008C8
:1067F80075690008756900087569000875690008F9
:1068080075690008756900087569000875690008E8
:1068180075690008756900087569000875690008D8
:1068280075690008D7680008BB68402B5ED09DE0FA
:10683800FB681B68D3F8003423F01F017B6803F062
:106848001F02FB681B680A43C3F8002497E0FB6833
:106858001B68D3F8003423F4F8617B689B0103F4C8
:10686800F862FB681B680A43C3F8002487E0FB68EA
:106878001B68D3F8003423F4F8317B681B0303F456
:10688800F832FB681B680A43C3F8002477E0FB680A
:106898001B68D3F8003423F4F8017B689B0403F4E5
:1068A800F802FB681B680A43C3F8002467E0FB682A
:1068B8001B68D3F8003423F0F8517B681B0603F0FB
:1068C800F852FB681B680A43C3F8002457E0FB68CA
:1068D8001B68D3F8043423F01F017B6803F01F0200
:1068E800FB681B680A43C3F8042448E0FB681B687C
:1068F800D3F8043423F4F8617B689B0103F4F8624D
:10690800FB681B680A43C3F8042438E0FB681B686B
:10691800D3F8043423F4F8317B681B0303F4F8320A
:10692800FB681B680A43C3F8042428E0FB681B685B
:10693800D3F8043423F4F8017B689B0403F4F802C9
:10694800FB681B680A43C3F8042418E0FB681B684B
:10695800D3F8043423F0F8517B681B0603F0F8528F
:10696800FB681B680A43C3F8042408E0FB68072295
:1069780083F8DD20FB68002283F8DC2000BFFB6879
:1069880093F8DD30DBB2072B01D1012308E0FB6867
:10699800012283F8DD20FB68002283F8DC20002335
:1069A80018461437BD465DF8047B704780B584B03F
:1069B80000AFF860B9607A60FB6893F8DD30DBB24D
:1069C800022B01D102237AE0FB6893F8DC30012B1B
:1069D80001D1022373E0FB68012283F8DC20FB6805
:1069E800022283F8DD20BB68062B04D17968F86899
:1069F80000F082FB04E07A68B968F86800F01AFCD5
:106A08007B681968F868BA681346DB009B1A9B0014
:106A18000344203319607B685968F868BA681346DC
:106A2800DB009B1A9B000344243319607B68996838
:106A3800F868BA681346DB009B1A9B0003442833A6
:106A480019607B68D968F868BA681346DB009B1A36
:106A58009B0003442C3319607B681969F868BA688D
:106A68001346DB009B1A9B00034430331960B96856
:106A7800F86800F0ADFEBB68062B17D07B68DB6AB0
:106A8800002B13D1FB681A68BB680133DB01134480
:106A98001B6823F400727B68DB6D5B02F968096888
:106AA8001A43BB680133DB010B441A60FB680122FF
:106AB80083F8DD20FB68002283F8DC2000231846D9
:106AC8001037BD4680BD80B584B000AFF860B960AE
:106AD8007A60FB6893F8DD30DBB2022B01D1022328
:106AE80020E0FB6893F8DC30012B01D1022319E088
:106AF800FB68012283F8DC20FB68022283F8DD2092
:106B08007A68B968F86800F01BFDB968F86800F0A1
:106B18005FFEFB68012283F8DD20FB68002283F812
:106B2800DC20002318461037BD4680BD80B487B0EE
:106B380000AFF860B9607A60FB6893F8DD30DBB2CB
:106B4800022B01D1022367E0FB6893F8DC30012BAC
:106B580001D1022360E0FB68012283F8DC20FB6896
:106B6800022283F8DD207B681B6803F4E0537B6115
:106B78007B685B68C3F308037A6913437B617B68AE
:106B88009B6803F400737A6913437B617B681B6914
:106B980003F480437A6913437B617B68DB6803F401
:106BA80000437A6913437B617B685B691A041D4B58
:106BB80013407A6913437B617B689B6903F0007318
:106BC8007A6913437B617B681B6A03F080437A69A7
:106BD80013437B617B68DB6903F000437A691343E5
:106BE8007B61FB681A68BB68DB011344B8331A6819
:106BF8000D4B1340FA6811687A691A43BB68DB01C8
:106C08000B44B8331A60FB68012283F8DD20FB6867
:106C1800002283F8DC20002318461C37BD465DF8A7
:106C2800047B70470000FF010020003C80B485B061
:106C380000AFF860B9607A603B60FB6893F8DD30BC
:106C4800DBB2022B01D1022357E1FB6893F8DC3059
:106C5800012B01D1022350E1FB68012283F8DC20DB
:106C6800FB68022283F8DD20BB68062B40D17B68D5
:106C7800013B072B2AD801A252F823F0A56C000883
:106C8800B16C0008D56C0008BD6C0008D56C000814
:106C9800D56C0008D56C0008C96C0008FB681B6837
:106CA8003A681268DA611AE0FB681B683A68126889
:106CB8005A6214E0FB681B683A6812689A620EE030
:106CC800FB681B683A681268DA6208E0FB6807220A
:106CD80083F8DD20FB68002283F8DC2000BFFB6816
:106CE80093F8DD30DBB2072B40F0FE80012304E18E
:106CF8007B68013B072B00F2E38001A252F823F0E6
:106D0800296D00083D6D0008C96E0008F96D00087E
:106D1800C96E0008C96E0008C96E00080D6E00082B
:106D2800FB6819683B681A68BB68DB010B449C3335
:106D38001A60D1E0FB6819683B681A68BB68DB0118
:106D48000B44A4331A603B685B68002B3FD0FB6898
:106D58001A68BB680133DB0113441B68FA681168C1
:106D680023F44052BB680133DB010B441A60FB6813
:106D78001A68BB680133DB0113441A683B685B6817
:106D8800F96809681A43BB680133DB010B441A60D0
:106D98003B685B68B3F5005F09D1FB6819683B681D
:106DA8009A68BB68DB010B449C331A6091E03B682E
:106DB8005B68B3F5405F40F08C80FB6819683B68FE
:106DC8009A68BB68DB010B44A8331A6081E0FB6852
:106DD8001A68BB680133DB0113441B68FA68116841
:106DE80023F44052BB680133DB010B441A6070E0A6
:106DF800FB6819683B681A68BB68DB010B44A83359
:106E08001A6069E0FB6819683B681A68BB68DB01AF
:106E18000B44AC331A603B685B68002B3FD0FB68BF
:106E28001A68BB680133DB0113441B68FA681168F0
:106E380023F44042BB680133DB010B441A60FB6852
:106E48001A68BB680133DB0113441A683B685B6846
:106E58009B00F96809681A43BB680133DB010B44DE
:106E68001A603B685B68B3F5005F09D1FB68196875
:106E78003B689A68BB68DB010B449C331A602AE0C4
:106E88003B685B68B3F5405F25D1FB6819683B68D0
:106E98009A68BB68DB010B44A8331A601BE0FB68E7
:106EA8001A68BB680133DB0113441B68FA68116870
:106EB80023F44042BB680133DB010B441A600AE04B
:106EC800FB68072283F8DD20FB68002283F8DC20BA
:106ED80002E000BF00E000BFFB6893F8DD30DBB2E2
:106EE800072B01D1012308E0FB68012283F8DD208C
:106EF800FB68002283F8DC20002318461437BD46BF
:106F08005DF8047B704700BF80B584B000AFF860BF
:106F1800B9607A603B60FB6893F8DD30DBB2022B26
:106F280001D102231DE0FB6893F8DC30012B01D16D
:106F3800022316E0FB68012283F8DC20FB680222AA
:106F480083F8DD203B687A68B968F86800F058FB78
:106F5800FB68012283F8DD20FB68002283F8DC202F
:106F6800002318461037BD4680BD80B483B000AFFB
:106F7800786039607B6893F8DC30012B01D10223FB
:106F88001AE07B68012283F8DC207B68022283F800
:106F9800DD207B681B68D3F894137B681B683A680C
:106FA8000A43C3F894237B68012283F8DD207B68B9
:106FB800002283F8DC20002318460C37BD465DF814
:106FC800047B704780B483B000AF786039607B6819
:106FD80093F8DC30012B01D1022318E07B680122F1
:106FE80083F8DC207B68022283F8DD207B681B683D
:106FF80019687B681B683A680A431A607B68012233
:1070080083F8DD207B68002283F8DC200023184603
:107018000C37BD465DF8047B704780B485B000AF7F
:10702800786039607B681B681B68FB60FB6823F02D
:107038000703FB603B689B68FA681343FB60FB68C7
:1070480023F01803FB603B68DB68FA681343FB60B6
:107058007B681B68FA681A607B681B683A68126864
:107068005A617B681B683A6852689A6100BF143796
:10707800BD465DF8047B704780B487B000AFF86008
:10708800B9607A60FB681A68BB680133DB01134496
:107098001B687B617B6923F007037B617B689B68C6
:1070A8007A6913437B617B6923F018037B617B68F2
:1070B800DB687A6913437B61FB681A68BB68013334
:1070C800DB0113447A691A60FB6819687B681A68DF
:1070D800BB68DB010B4494331A60FB6819687B6852
:1070E8005A68BB68DB010B4498331A6000BF1C3731
:1070F800BD465DF8047B704780B485B000AF78600A
:1071080039607B681B681B68FB607B681B68D3F869
:10711800A033BB60FB6823F02003FB603B685B691E
:10712800FA681343FB60FB6823F0C003FB603B680D
:107138005B69202B03D03B689B69022B08D1FB6855
:1071480023F0C003FB60FB6843F02003FB6021E0F1
:107158003B689B69032B08D1FB6843F04003FB6045
:10716800FB6823F08003FB6014E03B689B69042BF9
:1071780008D1FB6843F08003FB60FB6823F0400301
:10718800FB6007E0FB6823F02003FB60FB6823F04B
:10719800C003FB60FB6823F40063FB603B68DB69AA
:1071A800FA681343FB60FB6823F48063FB603B6869
:1071B8001B6AFA681343FB60FB6823F0C063FB603B
:1071C8003B685B6AFA681343FB60FB6823F0006363
:1071D800FB603B689B6AFA681343FB60FB6823F01B
:1071E8004043FB603B68DB6A9B00FA681343FB6023
:1071F800FB6823F00053FB603B685B6BFA68134342
:10720800FB60BB6823F48033BB603B681B6BBA68C8
:107218001343BB607B681B68FA681A607B681B684D
:10722800BA68C3F8A02300BF1437BD465DF8047BD5
:107238007047000080B48BB000AFF860B9607A6026
:10724800FB681A68BB680133DB0113441B68FA68E2
:10725800116823F07042BB680133DB010B441A60EC
:10726800FB681A68BB680133DB0113441B687B6247
:10727800FB681A68BB68DB011344E8331B68BB6111
:10728800FB681A68BB68DB011344E4331B683B6284
:10729800FB681B68D3F8A033FB617B6A23F02003EB
:1072A8007B627B685B697A6A13437B627B685B6994
:1072B800202B03D07B689B69022B08D17B6A23F4BF
:1072C800C0737B627B6A43F020037B6221E07B68AA
:1072D8009B69032B08D17B6A43F080037B627B6A3E
:1072E80023F480737B6214E07B689B69042B08D1CC
:1072F8007B6A43F480737B627B6A23F080037B6242
:1073080007E07B6A23F020037B627B6A23F4C07367
:107318007B627B6A23F400637B627B68DB697A6A41
:1073280013437B627B6A23F480637B627B681B6AFE
:107338007A6A13437B627B6A23F0C0637B627B6853
:107348005B6A7A6A13437B627B6A23F000637B6221
:107358007B689B6A7A6A13437B627B6A23F070437B
:107368007B627B68DB6A7A6A13437B627B6A23F4FD
:1073780000337B627B685B6BB3F1005F03D17B6A90
:1073880043F400337B627B6A23F040037B627B68B3
:107398009B6B7A6A13437B627B6A23F480237B624C
:1073A8007B689B6D7A6A13437B627B6A23F0FC736C
:1073B80023F480337B627B681B6D7A6A13437B629C
:1073C800BB6923F03F03BB617B68DB6B03F03F03C2
:1073D800BA691343BB61BB6923F00043BB617B6897
:1073E8001B6CBA691343BB613B6A23F480733B622D
:1073F8007B685B6C3A6A13433B627B689B6CB3F5B2
:10740800606F04D07B689B6CB3F5F05F03D17B6839
:107418009B6B402B08D13B6A23F4F0533B627B689B
:107428009B6C3A6A13433B623B6A23F480433B629A
:107438007B68DB6C3A6A13433B627B685B6D7B61FC
:10744800BB68052B50D801A252F823F06D740008D0
:107458008374000899740008AF740008C5740008A4
:10746800DB740008FB6923F40033FB617B681B6B4A
:107478005B00FA691343FB6137E0FB6923F480235F
:10748800FB617B681B6B9B00FA691343FB612CE073
:10749800FB6923F40023FB617B681B6BDB00FA6943
:1074A8001343FB6121E0FB6923F48013FB617B68D4
:1074B8001B6B1B01FA691343FB6116E0FB6923F49C
:1074C8000013FB617B681B6B5B01FA691343FB616B
:1074D8000BE0FB6923F48003FB617B681B6B9B015A
:1074E800FA691343FB6100E000BFFB681A68BB68D8
:1074F8000133DB0113447A6A1A60FB681A68BB68B7
:10750800DB011344E833BA691A60FB681A68BB6880
:10751800DB011344E4333A6A1A60FB681A68BB68F3
:10752800DB011344D4337A691A60FB681B68FA6973
:10753800C3F8A02300BF2C37BD465DF8047B704715
:1075480080B487B000AFF860B9607A60FB681A68E9
:10755800BB68DB011344EC331B687B617B6923F058
:1075680010037B617B681B681B017A6913437B618D
:107578007B6923F480137B617B685B687A691343BA
:107588007B617B6923F480337B617B68DB687A6984
:1075980013437B617B6923F400337B617B689B68C1
:1075A8007A6913437B617B689B69012B1AD17B69DC
:1075B80023F004037B617B681B697A6913437B6151
:1075C8007B6923F002037B617B685B697A691343FB
:1075D8007B617B6923F001037B617B689B697A6926
:1075E80013437B61FB681A68BB68DB011344EC3307
:1075F8007A691A6000BF1C37BD465DF8047B704786
:1076080080B489B000AFF860B9607A603B6000234D
:10761800BB61FB681A68BB68DB011344E4331B6871
:10762800FB61FB681A68BB68DB011344B8331B684D
:107638007B617B68B3F5006F5DD07B68B3F5006F45
:107648006ED87B68B3F5806F42D07B68B3F5806FE6
:1076580066D87B68B3F5007F4DD07B68B3F5007FB3
:107668005ED87B68B3F5807F32D07B68B3F5807FC6
:1076780056D87B68802B3ED07B68802B50D87B689F
:10768800402B25D07B68402B4AD87B68012B1FD024
:107698007B68002B44D07B68202B41D87B68022B69
:1076A8003ED37B68023B01229A40484B1340002B93
:1076B80014BF01230023DBB2002B1CD144F20403C6
:1076C8001340002B14BF01230023DBB2002B27D06B
:1076D800FB6819683B685A68BB68DB010B44BC331C
:1076E8001A60FB6819683B689A68BB68DB010B4441
:1076F800C0331A6015E0FB6819683B685A68BB68B4
:10770800DB010B44C4331A60FB6819683B689A684C
:10771800BB68DB010B44C8331A601023BB6100E06F
:1077280000BFFE22BB6902FA03F3DB43FA69134088
:10773800FB613B681A68BB6902FA03F3FA691343F1
:10774800FB613B68DA68BB6902FA03F3FA69134321
:10775800FB613B681A69BB6902FA03F3FA691343D0
:10776800FB613B685A69BB6902FA03F3FA69134380
:10777800FB613B689A69BB6902FA03F3FA69134330
:10778800FB613B681B69082B11D17B6903F400730B
:10779800002B0CD17B6903F00073002B07D13B68E9
:1077A800DA69BB6902FA03F3FA691343FB61FB6800
:1077B8001A68BB68DB011344E433FA691A6000BF36
:1077C8002437BD465DF8047B704700BF4100004088
:1077D80080B483B000AF786039603B68062B5ED810
:1077E80001A252F823F000BF237800083978000876
:1077F8004F780008657800087B78000891780008C1
:107808000D7800087B681B68D3F884237B681B68A5
:1078180042F00102C3F8842342E07B681B68D3F876
:1078280084237B681B6842F00202C3F8842337E094
:107838007B681B68D3F884237B681B6842F00402CA
:10784800C3F884232CE07B681B68D3F884237B6807
:107858001B6842F00802C3F8842321E07B681B6898
:10786800D3F884237B681B6842F01002C3F8842392
:1078780016E07B681B68D3F884237B681B6842F09A
:107888002002C3F884230BE07B681B68D3F88423A9
:107898007B681B6842F04002C3F8842300E000BF05
:1078A80000BF0C37BD465DF8047B704780B584B0D7
:1078B80000AF78607B68002B01D1012387E07B68EB
:1078C8005B68012B7B6893F83630DBB2002B06D15E
:1078D8007B68002283F835207868FAF797FE7B6882
:1078E800022283F836207B681B68DB68FB607B68B4
:1078F8005B68012B04D07B689B6AB3F5000F03D14A
:10790800FB6823F01E03FB607B685B694FF6FF7220
:10791800934203D0FA68304B1340FB60FA682F4B50
:107928001340FB607B685A687B689B681A437B68D6
:107938001B6A1A437B685B6A1A437B689B6A13431A
:10794800FA681343FB607B685B68002B07D17B6890
:10795800DA697B681B691343FA681343FB607B6829
:107968005B68012B04D07B689B6AB3F5000F07D1D5
:107978007B68DA687B681B691343FA681343FB600A
:107988007B685B694FF6FF7293420AD07B685A693D
:107998007B689B691A437B68DB691343FA68134366
:1079A800FB607B681B68FA68DA607B681B680C4AB6
:1079B800934207D17B68D96A7B681A6B7B681B681E
:1079C8000A431A627B68012283F83620002318468E
:1079D8001037BD4680BD00BF3F1FFFDFFEF119FF16
:1079E800007C004080B582B000AF7860164B1B6AFF
:1079F800154A23F0200313627B68022283F836209D
:107A0800786800F039F9786800F0F7F80346032B36
:107A180001D1032314E07B681B68DA687B681B6864
:107A280022F40022DA607B681B689A687B681B680E
:107A380022F001029A607B68012283F83620002335
:107A480018460837BD4680BD0004014080B582B0A5
:107A580000AF78607B681B681B6803F00103012B8B
:107A68000DD17B681B689B6803F00103012B06D1CD
:107A78007B681B6801225A607868F9F7BDFA7B6851
:107A88001B681B6803F00203022B0DD17B681B687F
:107A98009B6803F00203022B06D17B681B68022255
:107AA8005A60786800F06DF87B681B681B6803F003
:107AB8000403042B0DD17B681B689B6803F0040347
:107AC800042B06D17B681B6804225A60786800F092
:107AD80062F87B681B681B6803F00803082B0DD14C
:107AE8007B681B689B6803F00803082B06D17B683A
:107AF8001B6808225A60786800F057F87B681B6892
:107B08001B6803F01003102B0DD17B681B689B6862
:107B180003F01003102B06D17B681B6810225A60F3
:107B2800786800F04CF87B681B681B6803F020033A
:107B3800202B0DD17B681B689B6803F02003202B4A
:107B480006D17B681B6820225A60786800F041F8EB
:107B58007B681B681B6803F04003402B0DD17B68D2
:107B68001B689B6803F04003402B06D17B681B68A9
:107B780040225A60786800F036F800BF0837BD46E2
:107B880080BD80B483B000AF786000BF0C37BD46BD
:107B98005DF8047B704780B483B000AF786000BFA5
:107BA8000C37BD465DF8047B704780B483B000AFE6
:107BB800786000BF0C37BD465DF8047B704780B421
:107BC80083B000AF786000BF0C37BD465DF8047B1A
:107BD800704780B483B000AF786000BF0C37BD46F3
:107BE8005DF8047B704780B483B000AF786000BF55
:107BF8000C37BD465DF8047B704780B483B000AF96
:107C080078607B6893F83630DBB218460C37BD468F
:107C18005DF8047B7047000080B485B000AF7860E1
:107C280039600023FB73124B1B68124AA2FB032323
:107C38009B0B4FF47A7202FB03F3BB60BB68013BFA
:107C4800BB60BB68002B01D10323FB737B681B68F7
:107C58001A683B6813403A689A4202D0BB68002B06
:107C6800ECD1FB7B18461437BD465DF8047B7047A2
:107C7800780000205917B7D180B58CB000AF786074
:107C88000023FB62EFF31083FB60FB68BB620123F8
:107C98003B613B6983F3108800BF7B681B681A4609
:107CA8005A4B9A4206D15A4BD3F8883003F44023F2
:107CB800FB6200E000BF7B681B689B687B627B6897
:107CC8001B68DB683B627B681B685B69FB617B68E0
:107CD8001B689B69BB617B681B681B6A7B617B684F
:107CE8001B681A46494B9A420CD1494B9B6B484A30
:107CF80043F000439363464B9B6B454A23F0004394
:107D0800936300E000BFFB69002B02D1BB69002B25
:107D18005DD07B681B681A463C4B9A4208D13C4BA5
:107D2800D3F888303A4A23F44023C2F8883000E078
:107D380000BFFB69002B1AD07B681B681A697B6837
:107D48001B6842F001021A617B681B68FA695A6174
:107D580008217868FFF760FF0346032B03D17B688F
:107D6800032283F836207B681B6808225A60BB69A7
:107D7800002B1AD07B681B681A697B681B6842F065
:107D880001021A617B681B68BA699A6110217868D8
:107D9800FFF742FF0346032B03D17B68032283F8D6
:107DA80036207B681B6810225A607B681B681A465D
:107DB800164B9A420AD1164BD3F8883023F4402246
:107DC8001349FB6A1343C1F8883000E000BF7B68A1
:107DD8001B681A697B681B6822F001021A617B68BC
:107DE8001B687A6A9A607B681B683A6ADA607B6803
:107DF8001B687A691A62BB6ABB60BB6883F3108828
:107E080000BF00BF3037BD4680BD00BF007C0040CA
:107E18000010024080B582B000AF78607B68002B0C
:107E280001D1012349E07B6893F83D30DBB2002B98
:107E380006D17B68002283F83C207868FAF7BAFDFF
:107E48007B68022283F83D207B681A687B680433CC
:107E58001946104600F0A6FC7B68012283F84820EA
:107E68007B68012283F83E207B68012283F83F204B
:107E78007B68012283F840207B68012283F8412037
:107E88007B68012283F842207B68012283F8432023
:107E98007B68012283F844207B68012283F845200F
:107EA8007B68012283F846207B68012283F84720FB
:107EB8007B68012283F83D20002318460837BD4619
:107EC80080BD000080B485B000AF78607B6893F80F
:107ED8003D30DBB2012B01D0012354E07B68022244
:107EE80083F83D207B681B68DA687B681B6842F072
:107EF8000102DA607B681B68264A934222D07B68BD
:107F08001B68B3F1804F1DD07B681B68224A9342DF
:107F180018D07B681B68214A934213D07B681B6882
:107F28001F4A93420ED07B681B681E4A934209D0B1
:107F38007B681B681C4A934204D07B681B681B4AF9
:107F4800934215D17B681B689A68194B1340FB60F4
:107F5800FB68062B15D0FB68B3F5803F11D07B6812
:107F68001B681A687B681B6842F001021A6008E007
:107F78007B681B681A687B681B6842F001021A60FC
:107F880000E000BF002318461437BD465DF8047BA7
:107F9800704700BF002C014000040040000800406A
:107FA800000C0040003401400040014000500140F6
:107FB8000700010080B582B000AF78607B68002BB5
:107FC80001D1012349E07B6893F83D30DBB2002BF7
:107FD80006D17B68002283F83C207868FAF7CAFC4F
:107FE8007B68022283F83D207B681A687B6804332B
:107FF8001946104600F0D6FB7B68012283F848201A
:108008007B68012283F83E207B68012283F83F20A9
:108018007B68012283F840207B68012283F8412095
:108028007B68012283F842207B68012283F8432081
:108038007B68012283F844207B68012283F845206D
:108048007B68012283F846207B68012283F8472059
:108058007B68012283F83D20002318460837BD4677
:1080680080BD80B584B000AF78607B681B68DB6832
:10807800FB607B681B681B69BB60BB6803F002037D
:10808800002B20D0FB6803F00203002B1BD07B6879
:108098001B686FF002021A617B6801221A777B68FD
:1080A8001B689B6903F00303002B03D0786800F07A
:1080B8005BFB05E0786800F04DFB786800F05EFB3C
:1080C8007B6800221A77BB6803F00403002B20D0DA
:1080D800FB6803F00403002B1BD07B681B686FF060
:1080E80004021A617B6802221A777B681B689B6905
:1080F80003F44073002B03D0786800F035FB05E0EB
:10810800786800F027FB786800F038FB7B6800226D
:108118001A77BB6803F00803002B20D0FB6803F034
:108128000803002B1BD07B681B686FF008021A61DC
:108138007B6804221A777B681B68DB6903F00303FA
:10814800002B03D0786800F00FFB05E0786800F09A
:1081580001FB786800F012FB7B6800221A77BB6885
:1081680003F01003002B20D0FB6803F01003002B52
:108178001BD07B681B686FF010021A617B680822AD
:108188001A777B681B68DB6903F44073002B03D004
:10819800786800F0E9FA05E0786800F0DBFA7868BA
:1081A80000F0ECFA7B6800221A77BB6803F0010341
:1081B800002B0CD0FB6803F00103002B07D07B6871
:1081C8001B686FF001021A617868F8F7A1FEBB68B6
:1081D80003F08003002B04D1BB6803F40053002B89
:1081E8000CD0FB6803F08003002B07D07B681B686A
:1081F8006FF402521A61786801F082F8BB6803F4E0
:108208008073002B0CD0FB6803F08003002B07D091
:108218007B681B686FF480721A61786801F07AF8DD
:10822800BB6803F04003002B0CD0FB6803F040034D
:10823800002B07D07B681B686FF040021A617868D2
:1082480000F0A6FABB6803F02003002B0CD0FB68F3
:1082580003F02003002B07D07B681B686FF0200217
:108268001A61786801F042F8BB6803F48013002BA8
:108278000CD0FB6803F48013002B07D07B681B68C5
:108288006FF480121A61786801F04EF8BB6803F445
:108298000013002B0CD0FB6803F40013002B07D04D
:1082A8007B681B686FF400121A61786801F046F861
:1082B800BB6803F48003002B0CD0FB6803F4800335
:1082C800002B07D07B681B686FF480021A617868FE
:1082D80001F03EF8BB6803F40003002B0CD0FB68E8
:1082E80003F40003002B07D07B681B686FF40002BF
:1082F8001A61786801F036F800BF1037BD4680BDB6
:1083080080B586B000AFF860B9607A600023FB756D
:10831800FB6893F83C30012B01D10223FFE0FB6896
:10832800012283F83C207B68142B00F2F08001A224
:1083380052F823F091830008178500081785000874
:1083480017850008D18300081785000817850008DD
:10835800178500081384000817850008178500088A
:10836800178500085384000817850008178500083A
:1083780017850008958400081785000817850008E8
:1083880017850008D5840008FB681B68B96818467B
:1083980000F0BCFAFB681B689A69FB681B6842F02E
:1083A80008029A61FB681B689A69FB681B6822F0DF
:1083B80004029A61FB681B689969BB681A69FB68C3
:1083C8001B680A439A61A5E0FB681B68B9681846F0
:1083D80000F036FBFB681B689A69FB681B6842F46F
:1083E80000629A61FB681B689A69FB681B6822F443
:1083F80080629A61FB681B689969BB681B691A02ED
:10840800FB681B680A439A6184E0FB681B68B968CB
:10841800184600F0A9FBFB681B68DA69FB681B6853
:1084280042F00802DA61FB681B68DA69FB681B68BE
:1084380022F00402DA61FB681B68D969BB681A6913
:10844800FB681B680A43DA6164E0FB681B68B9686B
:10845800184600F01BFCFB681B68DA69FB681B68A0
:1084680042F40062DA61FB681B68DA69FB681B6822
:1084780022F48062DA61FB681B68D969BB681B69F2
:108488001A02FB681B680A43DA6143E0FB681B6851
:10849800B968184600F08EFCFB681B681A6DFB680B
:1084A8001B6842F008021A65FB681B681A6DFB68B6
:1084B8001B6822F004021A65FB681B68196DBB680B
:1084C8001A69FB681B680A431A6523E0FB681B6886
:1084D800B968184600F0D8FCFB681B681A6DFB6881
:1084E8001B6842F400621A65FB681B681A6DFB681A
:1084F8001B6822F480621A65FB681B68196DBB68EB
:108508001B691A02FB681B680A431A6502E001230B
:10851800FB7500BFFB68002283F83C20FB7D1846F2
:108528001837BD4680BD00BF80B584B000AF786005
:1085380039600023FB737B6893F83C30012B01D131
:108548000223F6E07B68012283F83C207B68022244
:1085580083F83D207B681B689B68BB60BB6823F47D
:10856800441323F07703BB60BB6823F47F43BB60ED
:108578007B681B68BA689A603B681B686F4A9342BD
:1085880000F0C1806D4A934200F2C6806C4A934263
:1085980000F0B9806A4A934200F2BE80694A934269
:1085A80000F0B180674A934200F2B680664A93426F
:1085B80000F0A980644A934200F2AE80634A934275
:1085C80000F0A180614A934200F2A680604A93427B
:1085D80000F099805E4A934200F29E80B3F1101F2A
:1085E80000F09180B3F1101F00F29680B3F5801F60
:1085F80000F08980B3F5801F00F28E80B3F5005F2C
:108608003ED0B3F5005F00F28780B3F5805F00F0DD
:108618008680B3F5805F7FD8702B1AD0702B7BD8FB
:10862800602B50D0602B77D8502B3CD0502B73D870
:10863800402B58D0402B6FD8302B64D0302B6BD8C0
:10864800202B60D0202B67D8002B5CD0102B5AD061
:1086580062E07B6818683B6899683B685A683B68C1
:10866800DB6800F0F9FC7B681B689B68BB60BB6833
:1086780043F07703BB607B681B68BA689A604FE079
:108688007B6818683B6899683B685A683B68DB6890
:1086980000F0E2FC7B681B689A687B681B6842F400
:1086A80080429A603CE07B6818683B6859683B6880
:1086B800DB681A4600F054FC7B681B68502118469A
:1086C80000F0ADFC2CE07B6818683B6859683B6893
:1086D800DB681A4600F073FC7B681B68602118464B
:1086E80000F09DFC1CE07B6818683B6859683B6893
:1086F800DB681A4600F034FC7B681B68402118468A
:1087080000F08DFC0CE07B681A683B681B68194612
:10871800104600F084FC03E00123FB7300E000BF77
:108728007B68012283F83D207B68002283F83C2087
:10873800FB7B18461037BD4680BD00BF7000100097
:1087480060001000500010004000100030001000C1
:108758002000100080B483B000AF786000BF0C37F1
:10876800BD465DF8047B704780B483B000AF786085
:1087780000BF0C37BD465DF8047B704780B483B0FA
:1087880000AF786000BF0C37BD465DF8047B7047CA
:1087980080B483B000AF786000BF0C37BD465DF889
:1087A800047B704780B485B000AF786039607B681F
:1087B8001B68FB607B684C4A934217D07B68B3F117
:1087C800804F13D07B68494A93420FD07B68484A50
:1087D80093420BD07B68474A934207D07B68464A4E
:1087E800934203D07B68454A934208D1FB6823F043
:1087F8007003FB603B685B68FA681343FB607B6847
:10880800394A934223D07B68B3F1804F1FD07B68ED
:10881800364A93421BD07B68354A934217D07B680F
:10882800344A934213D07B68334A93420FD07B6813
:10883800334A93420BD07B68324A934207D07B6815
:10884800314A934203D07B682C4A934208D1FB6893
:1088580023F44073FB603B68DB68FA681343FB60F2
:10886800FB6823F080023B685B691343FB607B680D
:10887800FA681A603B689A687B68DA623B681A682B
:108888007B689A627B68184A934213D07B681A4ABD
:1088980093420FD07B681A4A93420BD07B68194ADF
:1088A800934207D07B68184A934203D07B68134AE7
:1088B800934203D13B681A697B681A637B6801227B
:1088C8005A617B681B6903F00103012B05D17B68A2
:1088D8001B6923F001027B681A6100BF1437BD468B
:1088E8005DF8047B704700BF002C01400004004085
:1088F80000080040000C00400034014000500140D6
:1089080000400140004401400048014080B487B065
:1089180000AF786039607B681B6A7B617B681B6A83
:1089280023F001027B681A627B685B683B617B68A5
:108938009B69FB60FB6823F4803323F07003FB60C2
:10894800FB6823F00303FB603B681B68FA6813436A
:10895800FB607B6923F002037B613B689B687A6953
:1089680013437B617B68304A934213D07B682F4A5C
:1089780093420FD07B682E4A93420BD07B682D4AD6
:10898800934207D07B682C4A934203D07B682B4ADA
:1089980093420CD17B6923F008037B613B68DB6859
:1089A8007A6913437B617B6923F004037B617B68ED
:1089B8001D4A934213D07B681C4A93420FD07B68B0
:1089C8001B4A93420BD07B681A4A934207D07B68B4
:1089D800194A934203D07B68184A934211D13B69E4
:1089E80023F480733B613B6923F400733B613B686C
:1089F8005B693A6913433B613B689B693A69134376
:108A08003B617B683A695A607B68FA689A613B689F
:108A18005A687B685A637B687A691A6200BF1C3798
:108A2800BD465DF8047B7047002C014000340140CE
:108A3800004001400044014000480140005001400E
:108A480080B487B000AF786039607B681B6A7B614F
:108A58007B681B6A23F010027B681A627B685B687C
:108A68003B617B689B69FB60FB6823F0807323F4A0
:108A7800E043FB60FB6823F44073FB603B681B68C2
:108A88001B02FA681343FB607B6923F020037B61B8
:108A98003B689B681B017A6913437B617B682C4A9E
:108AA800934207D07B682B4A934203D07B682A4ABB
:108AB80093420DD17B6923F080037B613B68DB68BF
:108AC8001B017A6913437B617B6923F040037B6157
:108AD8007B681F4A934213D07B681E4A93420FD08B
:108AE8007B681E4A93420BD07B681D4A934207D08D
:108AF8007B681C4A934203D07B68174A934213D180
:108B08003B6923F480633B613B6923F400633B6169
:108B18003B685B699B003A6913433B613B689B690F
:108B28009B003A6913433B617B683A695A607B68EA
:108B3800FA689A613B685A687B689A637B687A69C5
:108B48001A6200BF1C37BD465DF8047B704700BF42
:108B5800002C014000340140005001400040014019
:108B6800004401400048014080B487B000AF7860FD
:108B780039607B681B6A7B617B681B6A23F480729F
:108B88007B681A627B685B683B617B68DB69FB60BA
:108B9800FB6823F4803323F07003FB60FB6823F049
:108BA8000303FB603B681B68FA681343FB607B693F
:108BB80023F400737B613B689B681B027A6913434B
:108BC8007B617B682B4A934207D07B682A4A934291
:108BD80003D07B68294A93420DD17B6923F4006353
:108BE8007B613B68DB681B027A6913437B617B69A5
:108BF80023F480637B617B681E4A934213D07B68B1
:108C08001D4A93420FD07B681D4A93420BD07B6864
:108C18001C4A934207D07B681B4A934203D07B6867
:108C2800164A934213D13B6923F480533B613B6955
:108C380023F400533B613B685B691B013A691343AA
:108C48003B613B689B691B013A6913433B617B6845
:108C58003A695A607B68FA68DA613B685A687B68E7
:108C6800DA637B687A691A6200BF1C37BD465DF813
:108C7800047B7047002C0140003401400050014043
:108C880000400140004401400048014080B487B0E2
:108C980000AF786039607B681B6A7B617B681B6A00
:108CA80023F480527B681A627B685B683B617B684F
:108CB800DB69FB60FB6823F0807323F4E043FB600F
:108CC800FB6823F44073FB603B681B681B02FA686F
:108CD8001343FB607B6923F400537B613B689B680B
:108CE8001B037A6913437B617B682C4A934207D044
:108CF8007B682B4A934203D07B682A4A93420DD162
:108D08007B6923F400437B613B68DB681B037A695A
:108D180013437B617B6923F480437B617B681F4A33
:108D2800934213D07B681E4A93420FD07B681E4A39
:108D380093420BD07B681D4A934207D07B681C4A3C
:108D4800934203D07B68174A934213D13B6923F4BB
:108D580080433B613B6923F400433B613B685B69AB
:108D68009B013A6913433B613B689B699B013A69E4
:108D780013433B617B683A695A607B68FA68DA6139
:108D88003B685A687B681A647B687A691A6200BF14
:108D98001C37BD465DF8047B704700BF002C0140BE
:108DA80000340140005001400040014000440140AF
:108DB8000048014080B487B000AF786039607B68B4
:108DC8001B6A3B617B681B6A23F480327B681A62EA
:108DD8007B685B687B617B681B6DFB60FB6823F4C9
:108DE800803323F07003FB603B681B68FA68134309
:108DF800FB603B6923F400333B613B689B681B04C1
:108E08003A6913433B617B68194A934213D07B68E4
:108E1800184A93420FD07B68174A93420BD07B685D
:108E2800164A934207D07B68154A934203D07B6861
:108E3800144A934209D17B6923F480337B613B68F0
:108E48005B691B027A6913437B617B687A695A60A4
:108E58007B68FA681A653B685A687B689A647B681D
:108E68003A691A6200BF1C37BD465DF8047B70473B
:108E7800002C014000340140004001400044014002
:108E8800004801400050014080B487B000AF7860CE
:108E980039607B681B6A3B617B681B6A23F480121C
:108EA8007B681A627B685B687B617B681B6DFB6013
:108EB800FB6823F0807323F4E043FB603B681B6886
:108EC8001B02FA681343FB603B6923F400133B6100
:108ED8003B689B681B053A6913433B617B681A4AE8
:108EE800934213D07B68194A93420FD07B68184A83
:108EF80093420BD07B68174A934207D07B68164A87
:108F0800934203D07B68154A934209D17B6923F4C5
:108F180080237B613B685B699B027A6913437B61B1
:108F28007B687A695A607B68FA681A653B685A6890
:108F38007B68DA647B683A691A6200BF1C37BD46F1
:108F48005DF8047B704700BF002C014000340140ED
:108F580000400140004401400048014000500140E9
:108F680080B487B000AFF860B9607A60FB681B6AAC
:108F78007B61FB681B6A23F00102FB681A62FB68CD
:108F88009B693B613B6923F0F0033B617B681B01F4
:108F98003A6913433B617B6923F00A037B617A6971
:108FA800BB6813437B61FB683A699A61FB687A691D
:108FB8001A6200BF1C37BD465DF8047B704780B459
:108FC80087B000AFF860B9607A60FB681B6A7B61A4
:108FD800FB681B6A23F01002FB681A62FB689B6936
:108FE8003B613B6923F470433B617B681B033A692F
:108FF80013433B617B6923F0A0037B61BB681B01C2
:109008007A6913437B61FB683A699A61FB687A69FC
:109018001A6200BF1C37BD465DF8047B704780B4F8
:1090280085B000AF786039607B689B68FB60FB683F
:1090380023F4401323F07003FB603A68FB68134382
:1090480043F00703FB607B68FA689A6000BF143737
:10905800BD465DF8047B704780B487B000AFF86008
:10906800B9607A603B60FB689B687B617B6923F42D
:109078007F437B613B681A027B681A43BB681343D2
:109088007A6913437B61FB687A699A6000BF1C3771
:10909800BD465DF8047B704780B485B000AF78604A
:1090A80039607B6893F83C30012B01D1022374E0CE
:1090B8007B68012283F83C207B68022283F83D20EC
:1090C8007B681B685B68FB607B681B689B68BB6090
:1090D8007B681B68344A934209D07B681B68334A13
:1090E800934204D07B681B68314A934208D1FB68DD
:1090F80023F47003FB603B685B68FA681343FB600A
:10910800FB6823F0007323F07003FB603B681B6867
:10911800FA681343FB607B681B68FA685A607B68CF
:109128001B68214A934222D07B681B68B3F1804FA9
:109138001DD07B681B681F4A934218D07B681B6848
:109148001D4A934213D07B681B681C4A93420ED079
:109158007B681B68154A934209D07B681B68184ACC
:10916800934204D07B681B68114A93420CD1BB68B8
:1091780023F08003BB603B689B68BA681343BB60FD
:109188007B681B68BA689A607B68012283F83D2077
:109198007B68002283F83C20002318461437BD461C
:1091A8005DF8047B704700BF002C0140003401408B
:1091B800005001400004004000080040000C00403E
:1091C8000040014080B485B000AF7860396000236A
:1091D800FB607B6893F83C30012B01D1022378E0D7
:1091E8007B68012283F83C20FB6823F0FF023B6880
:1091F800DB681343FB60FB6823F440723B689B68A1
:109208001343FB60FB6823F480623B685B6813438D
:10921800FB60FB6823F400623B681B681343FB6038
:10922800FB6823F480523B681B691343FB60FB68AF
:1092380023F400523B685B691343FB60FB6823F42B
:1092480080423B681B6B1343FB60FB6823F470226E
:109258003B689B691B041343FB60FB6823F0805247
:109268003B68DB691343FB607B681B681C4A9342BD
:1092780009D07B681B681B4A934204D07B681B6833
:10928800194A93421CD1FB6823F470023B689B6A1D
:109298001B051343FB60FB6823F080723B681B6A65
:1092A8001343FB60FB6823F000723B685B6A13435F
:1092B800FB60FB6823F000523B68DB6A1343FB60EA
:1092C8007B681B68FA685A647B68002283F83C2034
:1092D800002318461437BD465DF8047B704700BF6D
:1092E800002C0140003401400050014080B483B09C
:1092F80000AF786000BF0C37BD465DF8047B70474F
:1093080080B483B000AF786000BF0C37BD465DF80D
:10931800047B704780B483B000AF786000BF0C371F
:10932800BD465DF8047B704780B483B000AF7860B9
:1093380000BF0C37BD465DF8047B704780B483B02E
:1093480000AF786000BF0C37BD465DF8047B7047FE
:1093580080B483B000AF786000BF0C37BD465DF8BD
:10936800047B704780B483B000AF786000BF0C37CF
:10937800BD465DF8047B704780B400AF064BD3F858
:109388008830054A43F47003C2F8883000BFBD46F0
:109398005DF8047B704700BF00ED00E080B586B043
:1093A80000AF7860144A154BD31A7B617B693B6127
:1093B800134B1B68002B02D1114B124A1A60104B39
:1093C8001A687B6813443A699A4207D200F04EF84B
:1093D80003460C221A604FF0FF3309E0084B1B6864
:1093E800FB60074B1A687B681344054A1360FB68E7
:1093F80018461837BD4680BD000002200040000016
:10940800080C0020100C00200D488546FFF7B4FF1B
:109418000C480D490D4A002302E0D458C4500433C7
:10942800C4188C42F9D30A4A0A4C002301E013609D
:109438000432A242FBD3F7F7FFF8F8F731F8FEE75A
:1094480000000220000000207C000020B8940008E2
:109458007C0000200C0C0020FEE70000024B0146B7
:109468001868F7F731B900BF00000020014B1868F1
:10947800704700BF00000020F8B500BFF8BC08BC6A
:109488009E467047F8B500BFF8BC08BC9E467047BA
:10949800BBA25339F6289C3F0000000000000000E2
:0894A800010203040607080994
:0494B000FD010008B2
:0494B400D9010008D2
:1094B80004000020000000009800002000010020A7
:1094C800680100200000000000000000000000000B
:1094D8000000000000000000000000000000000084
:1094E8000000000000000000000000000000000074
:1094F8000000000000000000000000000000000064
:1095080091ED8941140000000000104101010101A2
:10951800010101010101000000000000000000003D
:0C95280010000000010000000024F4000E
:04000005080094114A
:00000001FF
